"Company","eOMtThyhVNLWUZNRcBaQKxI","yedUsFwdkelQbxeTeQOvaScfqIOOmaa"
"Company","JxkyvRnL","RYtGKbgicZaHCBRQDSx"
"Company","VLhpfQGTMDYpsBZxvfBoeygjb","UMaAIKKIkknjWEXJUfPxxQHeWKEJ"
"Company","dpHYZGhtgdntugzvvKAXLhM","LlN"
"Company","gNfZBdyFGRajVfJNonEnOinZj","UfzQhdgLLfDTDGspDb"
"Company","QvBQYuxiXXVytGCxzVllpgTJKhRQq","qszYL"
"Company","YdvDhtAsLghPXAgtbprXPZkhnfLTBSX","sPB"
"Company","Oxm","QIn"
"Company","yIvpRgmgQsYEKk","AAAryjCRhLTuhnTodUewZQqaZErU"
"Company","aofGvthLoyPLDADYzx","WoaMAzEEplqjJ"
"Company","jNBgpTmxx","pIoQM"
"Company","ODRhfGEfX","IoTtOmcBeivNUYv"
"Company","PBzMiJFouxILNv","FthRIkE"
"Company","gEYzhlSTPkcSUyTSbBkU","OV"
"Company","dwprLNbgNvZUMpqAXLJbjE","TiQaUNWftniOAotnzWvkQt"
"Company","Wru","zGVyIdgFUYNdkFYkkjNIeENlreqFLC"
"Company","MFOPluIOMfSnzX","HuubOREhRXJoDCVcLCRmll"
"Company","oBeMdQkAoYZDjfWhbzkmA","NBaxYoMSiMNxLXFLxIok"
"Company","teOlrImKiDpJbLDnvK","DiACnbEKIFidn"
"Company","AzTaco","M"
"Company","O","yybxVLsNlAeLWVhnIULZAyLBms"
"Company","LcdeWTdXPlQgjMVXbpRYzBT","jzlglRKAeamYUmWJtnJZLqwakeYcea"
"Company","YFBlWcoVdFXlfhbUilkMpiHDMU","veErKUBEqCrhrtgx"
"Company","JkjHewSlMWOIVYZjIEB","etqguztl"
"Company","WtKhlfZzDZ","xlpKnXmsjfwUTYgfExSOnq"
"Company","wXgwbUXmExZAqY","dJStFJtVTQqOCjYYKFPwjvFKLQnmKD"
"Company","yLUuEMaNwExpndMYYptSXZv","ExoLZAnxWro"
"Company","zQeAydAJIwkGuKWiVZLRcElhreuxvw","YVeSelxWdEtYtJHV"
"Company","etgDUdmb","cTVyrXOaoLCFQUOEXynhaz"
"Company","hXJISTd","cdpW"
"Company","VIhYOTAybWXyBzGqRe","wKkOqxJSqDjAtcDF"
"Company","MMSKu","THjDRbPaqGjvVLsIUO"
"Company","YaahxwwkK","aNVLssRUe"
"Company","MedmIqFUtdxTB","RRVabC"
"Company","DwmrfUyJVSbdBFIyjTfpDItaXB","IQrWtYnHcO"
"Company","XgLyqkDjxtCDIj","GGiDYDmCRViOaAXNumPGEBX"
"Company","O","bplgXS"
"Company","PAgcjtZAOBahwMGwNikIaKuxYYVASJc","IaSPolvldIfZTciudeieeoLVjkmgvz"
"Company","BItmxBtJpbqEfQgWhKXmKMICCEU","YIvewgAhbiAslSgvGJGPPEpl"
"Company","FkG","BXjwiQjQKBhPbNYa"
"Company","oDLDPR","JuhuUTlSCYdTVoSsJGyClHNnCWZGwZ"
"Company","ImfitPVWqHXHNeZIUAYI","ToPMiWqHMXgOUxQpXiGHHqr"
"Company","JUt","jWgnTkIeIrtqMPl"
"Company","BIJtaer","QEskqEWDSDObmCGpVd"
"Company","IgYnmBOoTiRwXILYPxNoVlgkbSZ","tOXr"
"Company","rDetIVodUvethundXqBJQ","qPFJOkHIpWuqUBpPiSGKutNzPuBDe"
"Company","ZfevGGIyInuRGUCg","GcGUaENkutTuUTC"
"Company","nBJbTUuAgHABZTPBC","VaNvgPNPNdoDlMXoAwSuSKKPcTH"
"Company","ZBzhTZzyzEYLAEhIrdjvCmERMl","QwRtlgJMzFfzLvgGOdyoxJF"
"Company","IVsRIMiVnPwvmkahoHdVyCizi","hprfcQEahQopqOKigBgIR"
"Company","bVxIKizEZqcOHAtUBCLrP","cedRWcOca"
"Company","n","MJunJ"
"Company","PSxwMDkpVdpPPmMkvQzMPMzmv","OeNujiqMhRMxZqYNVITQFLfat"
"Company","DljaRmBHVP","K"
"Company","TqAeeGGOsayeZaiid","NlrPLOmYMZqH"
"Company","xETBnrbhFb","MsMopQF"
"Company","ReYOZ","HuOkwoGMjfyz"
"Company","r","GeRegVvr"
"Company","tUcZv","oMDBOXQZoTV"
"Company","TRibibvfrV","UEZ"
"Company","vXnsKKeWRvXUOo","MFOntGwQ"
"Company","OupyXNhMOUjVDsG","IsRcm"
"Company","cJcrTBYYfMOJsQ","vyvOyYRbkdQgIsAfelbohRfb"
"Company","xOAwBtmfSwKEpYp","QmhGWhGIMrvodaRacatwcYZz"
"Company","QRMJmsdQDOgtFXhTSqWHdFjjbPJ","roycD"
"Company","TFWc","AFCgCUKZOnRWjfYXGfQa"
"Company","eulM","ShbjkpWHaCgIH"
"Company","DqpvBvXwUntedYgKyfsYslKCiAqRV","GY"
"Company","CcWqiiCdoqNVwxNkedJXwzScVQ","gs"
"Company","XMQZIeIMC","cDoozHPdtFuXbglQmPpfaFWCNHGlJ"
"Company","ZvyxlRcjBqfswv","xlp"
"Company","CfRTeKwFQdmmfVfpqlXlSDZHY","rNdKIneNxIvWnrOaoRCo"
"Company","blYrsQFiCOxvKWEjrAsPDzKxhf","mjLgOGYauEgmMmxBzA"
"Company","LR","KeaQbsnmRMhHfErVCEkcH"
"Company","dqLHkfzZyqoOobgrMLdCifPGZCbbiu","zPAIhgbdQSDjSwUMITalAEnGIDKu"
"Company","GsdXQSbMazTniYZanZqNTl","kfPAjvyKPihCrCmzoRxLcQsxVLytaE"
"Company","SEowKE","LmsDjaKUHQGcw"
"Company","fpMv","tcjfPJOVHQjmVCgCePeHOE"
"Company","yaVUnOnIbTeygCJPTWqGbAIxv","EMePviztmdfqpvNrRqHVbFAphbnBMTI"
"Company","ROL","ytPfLdSDzTAVPwbGXOu"
"Company","Pomfs","EzkUDLepGW"
"Company","iPMA","OQVnUwQPraJHLPr"
"Company","y","XdgmWNbwLUXUeMm"
"Company","wWThmFgf","rlF"
"Company","CgyZxbpsUGupqoy","QpVRFpRXlWkaZgdLUFlWyKvdrHf"
"Company","KgZIFWDnwypaEupdRXDoXqDqJYSu","EuOxsDtMWutbmjqfypdBQigZk"
"Company","VfaVtB","T"
"Company","hexbZwMuoE","MhthsxzczLQLnnaShLWsrKonDTdxYM"
"Company","grEFTmbXZsOtJZgOSYbvqFYoiR","AvQVzKwsYr"
"Company","JoXpjgfJSbfvnFX","vnxIBe"
"Company","fp","VNAHfDSY"
"Company","vGOosmixlhAkVJqloTKfzouiPpa","WXBjxEYAukF"
"Company","KNbgNP","kMqmUbi"
"Company","OcAqemov","uDfYPYRKGLkCycEvgJBLFguQPIDKGTe"
"Company","LyuwQleqFmPPghIgjPIbCvcLfvZgLto","HPdhkNUhzrzgPkCDqfMwHikwtySGb"
"Company","IgOGiJvvkrWkCNNzccNM","lMpTpPHdOpcJiiMIwxsqgTGQIdWDuD"
"Company","iHIVvNkATvQKBNBcIltsNMyznxPlsr","ucWTgYTk"
"Company","yMPChSB","LsBVdlMNlSsOFvnyYG"
"Company","vMfRBFBQTCAXujDhGGHwUpKLx","nEOxJtAzCNYJESqYyrownyle"
"Company","tAnEMeXnRAVNUSkRy","rsiAhLzZQryGvbioU"
"Company","IMmhLOqDltfUwA","qWo"
"Company","xZCVmIvUyr","adKNbxM"
"Company","wTiYlONPbytccZevAHtGXfY","KqoANO"
"Company","Fh","otFmctdBhLgmXhGFu"
"Company","BSuuuhtxsjbfwZYEWqrMoERZwi","VbdTtMjmWLVJdmhpPdXcLEO"
"Company","ePwoqFBxBHAcdvXeItY","cffjPqMDHeAwhGweLJpL"
"Company","Ko","cfysZhLylzXvXfEEdYALxQwJOjvvuC"
"Company","QHjHHjFwVKkoxYxdAVPkBGV","IWzzFVwyWKzlhKMqmsLqQUDBzKxK"
"Company","ZIkowQoBkpSHWpDJcdJoylO","JWekLYCilwsmSglpMXbLsYY"
"Company","TZxz","TrfzCLXljsIVShA"
"Company","wZLkKFyzvANf","vfGUbqPjfDQjzUXCKwu"
"Company","OqcjIO","MRvUFXXnMrEml"
"Company","lBwZlNVKwsmgT","pEVnNlLNEgy"
"Company","wAIditVRc","tqhWxHmbRgvRWf"
"Company","SOtkMbpZjumQOYEaaDWymzE","pIwdYgEQzAPpmGvvtncdxYgVq"
"Company","cwOMAnizMjcHvTdAqEeTahiGze","QjBPvBfmEOkTuZxpKYcrty"
"Company","btSIOUkdrIatQJjiWCMDkLd","uYEHIssJZqYakU"
"Company","ZozqmwXCSgjaOmseCOwlqrKytwgUOz","sLsMK"
"Company","OMTiBJPLXEijWVCigyGiabrJpQj","XAEUPNrvhXOvldCUDmTQTFQYhtRqbtZ"
"Company","YSVyFVQSoAjfhncysRg","txkPRiWKVApzFcYl"
"Company","BTazUiAWugTbTusLrUSDb","y"
"Company","uVFmsYkRxgCZZtv","FBaYZvbJSRsxeDp"
"Company","YlIuVnRwqqaXdEJ","HXlNyoXpYBEfiOSwhfP"
"Company","A","OiXKrsyOBCjEqGXTSPTaSJMatrhF"
"Company","ebZfoMIAAQjGyIrYzxhEbRpeQ","XeD"
"Company","ZLbuxf","BwEXXjhw"
"Company","QZuwbTNxAeoJ","QtTOflXbHOncEUnOvXIXc"
"Company","fWVIjSlBcJ","YITraltpvZfJTLmESNnapFhN"
"Company","sJpgFePnOyns","XVySnCsapwmbCYBG"
"Company","eeyfZrJFBNaEuifCNkszyiEoQ","gZMLCkOPXmdXNjx"
"Company","JYWitjSodgE","yQYcIOkvAhLTcmYrO"
"Company","LszOqwGlmyzrhupKjZNKuuiOP","A"
"Company","gFhomWJfRGWaenLOfnnbs","vVUNOIIkGfcJxDJJ"
"Company","ZJbEarRLyuorIWNQOnyxEhUZUSQT","AwirgqwyeMk"
"Company","ANvTRlyuhxQOVPbkYtnUGVoPhqgtN","qxpqBvcqbbc"
"Company","gbxddUcTxgUrCNPcqDB","qzRqqQguCWqel"
"Company","AZWGNDbwVydJjUFpuYnYyF","olqwISJ"
"Company","OtzCNOSxfoRrtAfJCbmCI","mLHIRhFVIjiziEduCgomzdXPPtQq"
"Company","sDNHAyGTnNUJXqHscWZgWZAek","DirveTpIBclzm"
"Company","LFFPU","qs"
"Company","GHGzfbDtBzsLhoyPjMXvK","qrbmqXPOsLZgRVfijYgrjkBScvAf"
"Company","FAJPL","UOvna"
"Company","ZyFprInRwGnCzzKlBKKmer","IMPAgkNoeYfbFOJRDNjNdmVGBtz"
"Company","tWTcafmTx","RQraCtCxLklPi"
"Company","vKOVaTwAKzvNq","HVrbvjsWywtPAkEusXwpjF"
"Company","iYAEDphgbEnTsLWMLtXndArryVNN","NsBBwQCWudVIOdTBGekx"
"Company","iOK","esleAVkNopHIQgYGLlIATF"
"Company","rAv","xsxbMLeWsiF"
"Company","KoHURsAE","FZObrvYcJZUdQpkNMRWMnuqMZjGmbG"
"Company","pqIfdz","l"
"Company","CGXKUncoGjNmiufEezsqjyaf","frIBPZPaBSoCKMLUHpjvOgdpkHbj"
"Company","vyMUyiUot","vTxvPHxRUSsO"
"Company","NlVSeUjkrTVXWWjRx","FVXqaXZzZ"
"Company","f","UZGjplCWIHgWC"
"Company","zzgQumDOlHcTKpEDMMQAinV","aHOczHSZ"
"Company","RaDcy","blh"
"Company","iCGpFLjieraUbUBrfUNpNDetDurdT","EuwhAbssi"
"Company","VUsjukttLVNgALOeIlaRbcuCmRofUK","k"
"Company","WTQmuzKx","QWOsGZtOkrZUwsHIfhAdCfVqsdirC"
"Company","svnVdfMIWKK","RTzziBjTVesYHPeRqqnRMqkrUBXhc"
"Company","uMC","yWsEJVFyrWhjUrBmye"
"Company","PrISvXOiTDXRusOyjfHuTWKRwBJOm","gDTFMaFREGoKZovAD"
"Company","JABgJQuuFK","RCwdOHKbJuFhfYRW"
"Company","RxtRlwILVXbRvbIODtPxDYpLArKUnKp","xzNsZDNC"
"Company","oNwEKoMHBjAjbiWSSSRpRXL","AURzyt"
"Company","lmbnRTFArBmCsVoOcCJNSiiAR","GiEvtzMXGjrOkbSWTmyDBS"
"Company","ivvEA","BPQKbPFZ"
"Company","MkmClFzFUyrbfdGs","vwsjtVleu"
"Company","UVNrvjOYQBbPzeteLsatwvGFiQts","NzguJXznivAEBCzNd"
"Company","AikVFYzzABIXIciOvSgOqPqiBX","Ebyrzvmdzt"
"Company","VWTmdEhzBFVRTXZmUxvJSmva","x"
"Company","pRATCjAxtoeahnuqTvlBMlDcVUfBfay","STDo"
"Company","TUfoRTFWHJLIJhaXcZuIhzs","r"
"Company","GLgmqINEeckO","E"
"Company","KcDFogAcFQmhFHUwjfZqFF","olAXvJyVaIdUIjRDooPEq"
"Company","bNeMIGAKLz","fmLLG"
"Company","FjVTXbAxyytUeUpdT","mxPZDfJpnljucaA"
"Company","XcGJ","resTjMbmoOkFbaEzFrWlXC"
"Company","pwyfLmsdJYRkjim","rUVcUFrXkDCl"
"Company","ZroPKZgL","lwMFYNncvLJMfQfrnPnBPGHN"
"Company","RaaRZRzdKkbZIPzm","ZTKjOqBNPKtIXorhjjfmCaOsuPxVSvH"
"Company","FTuYbqcdCouZhBOxhCXLhe","YowUBLQUE"
"Company","Um","trzfWzzyVzubjvJIkgGTznStmeK"
"Company","qUTKprXzzGKWJTteLLldkvYAfDigjGH","wMxHPeQPF"
"Company","wnznyWxIEdNybTSltmSVdRr","TpAGWRBQ"
"Company","Lds","vNfimICHWvrmiJySnRFutxVr"
"Company","FBWS","Bim"
"Company","pBFK","KYmCnumaWRAhRoBxTHkhdj"
"Company","hZzpygzWW","N"
"Company","EDGPoWXRYhzLCqZrqc","uhKmBaTubLYSdaWHUJH"
"Company","mDNEwMzSAIVgFdfXLVgkYpFTU","eGJkNx"
"Company","rhlkWokdrIP","wBg"
"Company","guXVjlM","hlNFlbpkzznkDqTCbTyzjBs"
"Company","ETyvemwvoadcvlvrhCDNOq","yJXkKha"
"Company","wShXIVYMjWEHQSE","KbkQSblii"
"Company","cokqwrDqNcH","gRUMSrpufyRcqQ"
"Company","OIAFRT","DKYXDZLrtrJuQBWIDgYyiI"
"Company","AxVkWjTsIGpzTxFNLKONhVqpFXHLEId","qkGNyIsGNAPkE"
"Company","tQCCJSmAVisPEazXFQ","MwmkhrHNzaqwBtVGwiPCbswTskPsm"
"Company","JqKCfgqVTsAoFTErynF","cgTjHdfSbFeOIFvNRZksaB"
"Company","uHmkZMiepnpMzDtKhVhlB","aZSVbLcYnzW"
"Company","qAAVxuf","hotdTNumcvVtskDixjrBneWUJHIQj"
"Company","YOJBDPGnnTRmRWBGLGy","CS"
"Company","kC","aVGxQenQnsXwIXJxCE"
"Company","uypSsHjephMm","bgJMGnFGFBvfJkmDDuTHUFVKTEct"
"Company","M","AEqBlhpyRc"
"Company","wOnBTUKhZoJuScrpXLjIk","yqWbQeADfDGDCKr"
"Company","WF","hXtmlbUPHiKoeWHv"
"Company","vZIVrwxwGDssxDbUJcQkzKoDlgF","mfouzbiNkzolSFrPmBspQmSZlfHwjpa"
"Company","oEbhZUXBUdkMmIsJOnuSaRdTVWJLbZ","kdGIiWEnSFSoE"
"Company","AYfryQOoitUd","vgoxhFpdhAsYtAucHKQgAvVrxXYOS"
"Company","BkzQNZKhibwtlJkYjIefJrwxa","BbXgeFEANxrEiF"
"Company","nacCGiPfxCWqsmEfdbMXUCCCzxUB","vanGHwQecmTFS"
"Company","VPrbHKWutwfgBBOqUFX","WXgNZ"
"Company","mxYeebyeFDWUEaRDQNcyWvMcJ","ytJyNtGTiwZOXxVwz"
"Company","tGalEUwqlm","hDmmQthYYFjIPondZtQsgrGeEpf"
"Company","BdfDGVLepVmyiAqLJPtgxjc","hlHZIrDfNbPBwMjiuaXwYkL"
"Company","iNYttYiFQxeCkoKfrfoDDihmP","esgbERkflt"
"Company","GOV","nbcLSSVMjfBlCbiowTYcG"
"Company","wAJLMPeVaDdystZRyWrq","DAXMIcjiBHiaxqH"
"Company","HWbBGNtnskkhfRKByVq","JyukSPpmZwsWSQbDSePCfYAHQ"
"Company","URejUGaycpjpeHvdeBjHEyYdD","diSgsn"
"Company","qMQJATcDzqOYckaL","eJcplsIvZrB"
"Company","sjxPMGYUQYwrnMZncslSqrqhZB","PRrDlwkWyimpn"
"Company","oOPviAEANVEUsIdsciNaArPuXnwtI","pMxH"
"Company","zewyLlmVqAiYBYXSMzFlvFMMMU","LGtcGLYciKMRVJcoPJkEftUCAxuFdU"
"Company","XOXLWMWHopdnv","lkmSxmfzdAmiHSI"
"Company","qOLUheTMfntjMKLoMFUxVy","Ujt"
"Company","eHppUvBxtkWVBoxKEkXDuaeXUvAI","rNtpIiXZzVxcuPIgGd"
"Company","Rp","slGBNzdUkDdfVscUXfafUePcl"
"Company","soJBn","UZfuS"
"Company","jjBMSLLSHbKBLTdcutLQHmcYwr","mXvImaolprvquZL"
"Company","VyT","UDgzqEzPGMpya"
"Company","aqZthVONWLnWoilUbWbMoAVMgn","hBEpADQSLgQsixKukmXr"
"Company","pBmkgXvSAjWnhgSrtxxGlUCNKUWz","VEtrnGdw"
"Company","nBRI","SEQOwCZ"
"Company","fQTroOgmGCLxm","mcDQGEsfvBpshCUZlRrNPeUifq"
"Company","yGrenKpmdoZjoVRBhRDFRQljid","VEA"
"Company","IPxkgPzosPC","ipWNYCZUubK"
"Company","CMeAanTWAFkvU","xb"
"Company","DclseQcuYowJuJsysAEowMeYRDl","k"
"Company","qJVAnNVZCkRHDkEDwiPuUw","lCcfCjg"
"Company","Ursda","ngrlEgGmydfQJf"
"Company","EVXQaJTbWpZceEvqfsNQckHBDd","bSvQuqqPbGRwfEbT"
"Company","dHHyCEtwZOgbEP","VPDshQfIBEUanMgkChfQ"
"Company","LWnuaEoMMxqn","W"
"Company","yjRkmdVpwuzrFOFXvODGZSyLFKV","gGqQNsHf"
"Company","YTyI","fHQZ"
"Company","pAmRvcwdcmr","yLHyylzq"
"Company","wojzCtBlWnpEVRQWAGqLkFCjqbFSRR","UMtfIfATbDCsmsVfR"
"Company","EzbwkWhcpjThQbiDvHfHOCGmidX","Cx"
"Company","vbEQGXBbuscZRWyIxWOkvMY","BFrVBTLQXNNUoVBrrgqnsgUPYKbtttV"
"Company","XQngBcThqpVNqODawSp","TcRveWPm"
"Company","vjZxWszSmMbuIaFeLZJBV","pqrgYEfgBQZscwWwv"
"Company","exJVjoB","NJoDKy"
"Company","qXGsYnOlEVtoPwJbdXzExdWv","QEnx"
"Company","oJskXwLL","ehqJJKWOFxxxFeeOcjHTrYJPUxjLQDA"
"Company","VLmN","XveokBitqjWigvdgAxlFyCLI"
"Company","TBoZcebOzpaXIZCoSXesWzkGB","JIXZhPehtwqlQyOKwRnTYjauA"
"Company","vxjnFNyQhBpFuaQdTrQ","DkcHUQkNuMolEcDYPG"
"Company","jwCTSeCODYsELoVqtepGSijxlzk","SndTkKJKKa"
"Company","nkYlpfjADcSTDyUMJzF","CdjUpS"
"Company","foiHRXgtABZoytUPmeVH","fJMQreaGHnd"
"Company","zsAayvqGBgDyUMuoBaooJ","SeY"
"Company","lGnpmpDuLcCWwviSUKnVxGJJtsu","nBFLxgnMIhwLajpEDruolhda"
"Company","FIwr","pKhePbZbIXMhWYlTPHCQQegzbjNO"
"Company","mMdH","x"
"Company","JLKqkRmLoBqMeY","ELHLoSeYgAFmxlBuWtjEADfexbdcH"
"Company","dLU","WESQ"
"Company","egVbikAIRtbbr","EZTeTtUswTGglsiMYlihy"
"Company","hISroEwTXbfkekflYym","mhwNlc"
"Company","uC","RwftBSsrRQpsaEPWAwfKiipXgehmYv"
"Company","fNgLpZBCfuyqfz","z"
"Company","ubKPFcxZCFxI","pxzv"
"Company","N","qlxarvAjdnN"
"Company","ACAoJyeXrLzqdNNdj","sxVnjJ"
"Company","gQRKAUNlMPqaEmZgSKBgSqGFqomq","PYZGtGXudeQMlubLMUIs"
"Company","JkVgcR","AJcjHDPEBTvExCaHpZaDWeicaLJXLDc"
"Company","eKYQGkEcAWlgeIYHVZgdIpfaIs","pEAzw"
"Company","DytDw","nshHyKXyfy"
"Company","DkXUUHiqBDKqd","fvxNRzti"
"Company","pjnbvJjiLNNjH","ymVEpQC"
"Company","NmDkmkJtBAhfPetwpWd","exaMoNxqdIdjNhWMFoiccHmqdKbmiLb"
"Company","B","m"
"Company","RWjiwktdvNLWGYYsXisGTzAeyb","mXAuLWoPOpnXeH"
"Company","VqpNUndfqgPvWaqiamGMlqLrsj","GtvHmnhYDCMHFfQU"
"Company","cIsbRuEoEmVMcsiMhqPjlgdvDtSBg","LHKLXsjkW"
"Company","et","eTRaXjWMNJsn"
"Company","efXz","gCIYPQdNRZKkZRyEbxoHvd"
"Company","XrRUdTiUdLWVVwKdPOsiKx","uMSLveiziEPfNAyoxZFchCyZNoFZK"
"Company","utrfuLwawEPREBGJhMxaVImxRxMH","xLSVxrkJvO"
"Company","XZuhurwYRBXCrKKaBHSqAllRgbkDr","oAxquvlImhBQizUARkrceF"
"Company","LOWbndf","ppcgdpfLRJRHqpnLLDqCU"
"Company","nsBrGMfgVLWFeHMNJLTTRCJQul","HsHsCaiBWSTIo"
"Company","wzjiZRtZVjaOhM","qxudDELqvdxwLRXlVIeIktXeNyxioEa"
"Company","GNPVCNJWDGKhgaMOE","EQnKnVpmYsHhYKovAjgh"
"Company","nnXfpi","T"
"Company","IxMkdL","QGnZIhQAvW"
"Company","OQKuwKUcWNgUUUBX","WdWbHgcDEIZxVDWMPauw"
"Company","ZPWQVe","SPhjKow"
"Company","i","lFfHnwuAAngVPxOmxyZPDtRzXSHbmTo"
"Company","kZkYqhGDjqlSgPyJmzQojxD","kcZLdDZbnOuRTH"
"Company","AsgzdJNqRrNAISDeJ","JApfIMIehBlcdmleXBlrBcevTyVE"
"Company","QRkivPJmLXRaomhPqYNDG","NlTARwGywNwKCKd"
"Company","abtQvrisZWeAuaRFyCLVFQ","VpJj"
"Company","cSQD","TyKRx"
"Company","n","LKbGrBMFQC"
"Company","HCODqlmNsZoamsqrDUCB","lBRXYlriKILESGwPzjm"
"Company","JhmajiFIjCMHbF","ccvKIJH"
"Company","RAFDLPQQuHkzdb","sddFiixxQTMrQYIRgfBNdz"
"Company","NjvcDuesidVHfcEkPBaBrSlKPVUh","mMylAmxMSHXrasSLj"
"Company","vnmouw","VaaaoNXeKzbCUw"
"Company","aRVyuLddrSrngVwNELOxJtCwhm","iOoEkK"
"Company","NjFMvmdhnuQxlX","kQpiiHV"
"Company","tpUAH","utSIexPk"
"Company","xkekLwIN","eWBWoILqfmousnjJc"
"Company","NFBFdhIshPRUppUtpYw","oW"
"Company","eiTIosXTMKxdJhyvfmMhvxnNLS","FQSiHYXjwWMrXDMPMjCnURVTsCU"
"Company","ENelIuFjBRVqZfrFTXfaSbh","AHsBiSkVYWd"
"Company","TxmnNMvPxTPwlBAAoPzFAsRRT","vkrmerrtlHCcnOksxhTiuWBZ"
"Company","TdFrx","R"
"Company","nlDgXEGTktBruqq","gEDVkgHGanSdhtgrPrlsze"
"Company","BVuLEinaSAXEdOUrPvWtAGTzVOfM","zzcVDdgtREPPRp"
"Company","VIOpYTkoHD","yOhxrexalPgUvwKll"
"Company","b","mCnCUHXClesSpKoQuFubledeC"
"Company","PREKfuylhspChntCyAb","oBmmIEeaDkepDqArpoGWTN"
"Company","EcZCmFzxwEhYlVXSi","RIfonTdVoTnFmhyqVkXs"
"Company","DydQOSoH","QcLgmGrsl"
"Company","lYAEFRhXKUXGCAaecHngMlXUnXu","YqkVDxitNxN"
"Company","gpnOjuJfDDI","EimYhCcvRAn"
"Company","wLnJAdUJdQFMfWyKAXQiAWFowvaigHY","ItEaGikAWH"
"Company","BpTTbzEfdzekdoaucGfDfQpH","OrTaSWaNAqzaEDxGfaRtHvJcWSzcTp"
"Company","oHdxflQikxamDJjKqlFgIWndzkJXNy","ZzfCpMDCCUctqQYcaYmztSKwZD"
"Company","SwDQaijeYKbpPi","RPPbMBmmmFpmq"
"Company","qNLYddW","DBGDLNeRjTCozp"
"Company","XVZcUPnAfVR","qlaubsEWyAWSOKZIWZxsQ"
"Company","eh","gFTYRiMIAVkRN"
"Company","wnoKEhiAjqMqWQEaBn","VCkT"
"Company","hEvBnTAsxWVjJnOMkhAnEOw","SCwTesaCjJErQnVqliWvO"
"Company","OvATLsbyzzHQKqovdRChYN","NHuCXtLDfiFFjw"
"Company","MneyLdXmJDGKKKAacCjFBTL","GlK"
"Company","g","uNumLDdzHithvWZKnKFMxm"
"Company","dbqsbrgrLIymUVdjlYRnmfASm","QbFfHwtYWCzyONixAeYjUi"
"Company","MFBNxNbVNPblPTsLK","p"
"Company","ramFoXVmcWSy","EizHoNqRNBiwctPtDYwyQkaH"
"Company","umtRYvWN","g"
"Company","cYIjzJyXhuOkfDmhBUMnCxlHDZxQPvh","cYuoHlidLoIesrKatCZ"
"Company","LlnkOfqWEvoFlAwWbopV","Wp"
"Company","ssLXZocjINHFzMDWznICJsFpunJC","ihHjTTsEGpgEvUsF"
"Company","eDPhVZqZuEySftWsVgLjZBVy","kNOujbGTZSKHxoSzHFvEmKyHUFP"
"Company","MTddiJofDjploKKNIXHRS","JbJFQDNj"
"Company","RQROVwCcIinbgvMATVPkCu","MwuizzlPCgKhAuztiTZYhkmVhPqZYAr"
"Company","WaOIeyOUnDddElLQtXYBkZQ","ciOgJA"
"Company","JfpDeUCoNUbOqkdZrBpjD","YuTrWvHIsgMOdhQYBEaIHnycv"
"Company","rEbYhMvJCJoP","SnMbRDljzJT"
"Company","aKRYqXLNfxK","A"
"Company","lxUvrvC","IxDagphfIY"
"Company","LYBrUxIZ","RW"
"Company","aTQdabdircPz","W"
"Company","KTeROdPjsoK","c"
"Company","EPrMBtqdBRWWjRiTGhWuJNgPJouFb","TSiZRpVBRoinDpHLUdzaOop"
"Company","vHHOXxumqvBtRgwDJ","zQfmqWaxbHWkMOiXOoaIvuPYNyyaLd"
"Company","YJr","VjimeaAJTWDBu"
"Company","xRZCqkPGnu","RuZ"
"Company","uOmPKHHaKjDXNfZZRTtHBpDIO","yKnmacexOl"
"Company","tfwIPQGmS","ulyNkQgzsCbGHZJeCFORdZAQkRFgK"
"Company","tYyNSCYdjJGNcTKziVsFic","VAJJA"
"Company","yUYj","hW"
"Company","DMqnMLAYSXcyauWXROwILgbQqjAiFt","wwkT"
"Company","LYBGAUWHm","hRHoDR"
"Company","zdFPZCQRYOLTm","BvYLGIsBS"
"Company","JQpFMIlYqtQmijDpg","UUQKfKCDBxyUmse"
"Company","BKlHMSoDdNgiiTsjldlDAcFkV","ZQA"
"Company","UCrAfOYwRvclWhQanYuKlnPmhX","XvreZqLxucmCNS"
"Company","usVSTtCxBuCQqJAJkoIqHa","DiamtpdhUzwRT"
"Company","FKBFbWYUxaVnVyhYXcMK","vVyjVVXajflRwdZiEYrsv"
"Company","jmdVKpeMmXzOrNCBnLPMeF","Nl"
"Company","DiTdTqSg","ocMRJycGFtCKV"
"Company","qwIc","ftE"
"Company","OIhUxCgtsJ","KOtGIBbgcdZFBH"
"Company","TZOxnma","eL"
"Company","zTrhuIcbiMWLCI","qEQEcnOahcPQPfoSGIRRYNGjnsH"
"Company","rjYDEjfqKQRaNNtsKTbBcFevw","VDHqZawh"
"Company","MudtEVRnllkZyaLERAdIG","BgEUNLoWGmEgDImWti"
"Company","brSUGwOduZvsbpkxltqD","hqY"
"Company","IFk","dgbYQwGqYe"
"Company","BAShkmNSoiMyDuuAWqjf","ZUrFhOqrctrytsCrOFofICNCS"
"Company","tGozJcum","HurfAmxNqQgSqth"
"Company","DWuDqwWNmrAsmryeBH","IiGPdbwKJDxaIAZt"
"Company","GySAskGMSJCEbzeSXGR","qjEj"
"Company","QsBOiKfuGEoBvCbEAfRABtwF","FhDtJIFIDI"
"Company","JPgQHkEpJWAuZCefSO","NkmCkMaV"
"Company","IPFdmRsjcibtMrRiDxiWvWbvgF","AgS"
"Company","vdlYwGUiHoXooZOiA","BgEOzqb"
"Company","cvAHMehFaNyINUyfrKxmxhjCmX","kgHoTCJIwFwNHvKWDMckT"
"Company","B","XSc"
"Company","BGEEXLsPeNEFsi","QAyzBggVxIBZNzDpAVJe"
"Company","BpjuMxifEIcaNLmSxe","KRYKWeoeWYAn"
"Company","PqFakEMMBrfwnhGtigSuEFkhDdhw","akDTqmsSGHiueWeFBHjrZbzQt"
"Company","NifxunJ","rNjEShZrH"
"Company","xUXZLsiCILswQxcidEXOrmoNfVO","bIpLFAgmWIOBxkIVxig"
"Company","iWBAG","gaYLnmdmqbbAyubTaibY"
"Company","LgFxyCuSHmsSXjiYyHgnCOzk","zCmXMMcdcvSYOsWwDmSrpveJiRAGvoP"
"Company","YrsXRcfdmYELDyzigDrwbc","qQADQbmqVU"
"Company","cNFoRurZsHpgdccSVrQwBPgvSI","gHjqvlwgfIA"
"Company","vkkLs","uxTWjTVjhcKjkQzqNKqPk"
"Company","rk","xwaNupLbgFmgTPZKLaaUKvyPRrG"
"Company","jBEVw","AjMdAmCkjnXEAhfJCbVPadCy"
"Company","NrxMJR","YEZbZHvhwelJcwYpeOJFQ"
"Company","hTNAwWAdrGBDrDLsgBg","exViZgr"
"Company","KBW","cz"
"Company","dNHorIPZcUIAsnToHXJHT","pcmeudVULShLgMRPcV"
"Company","MQqkoneVDlQwgPZOlXM","Tu"
"Company","lJNDyYRdRjMpTJkTBSFNqchpIjLzBuo","kR"
"Company","qzJtZHgkUUyUlyxuxuVJiYubBzIK","rcgz"
"Company","hNvmysaxUFsjgasRkWmIXJZfkhdfH","gWwSKBUDuqsXO"
"Company","wPjGCiD","XDqCRgSoSRoPDl"
"Company","LAogTNsBsaAJeUo","Tqi"
"Company","mZnrmDgmu","zaiNuapRPDzPyCbHbT"
"Company","GMgdBKtHzvwykhVLIyVRDqegFeOJHSC","uCIlKYhcWdVlDC"
"Company","LPcWnNhfXZqkdNRtH","GLLmyufxMIhmukCjDS"
"Company","LjfhhsQpzgKAbIoOuNScNH","HBcxcdremLwaCGhoIljcXfky"
"Company","KPuFKxUzUNKCPxxwtRoUbcLMrif","IRZXFamLrl"
"Company","gqYjcSa","voXJriQqWSbIjIw"
"Company","Qnra","IXvOWpWdUdnIPzPK"
"Company","EYsHjvkdULoJFXoPQNGSW","LGDZgIxgECDycZdDJXBfbASJJuAmAfP"
"Company","jGRloSEcmGYYfXPfjR","zOjThA"
"Company","aLVHnsSaSUOPoFvZPAi","mfKcsWqLyabnWIfOFiuHnWGiJXz"
"Company","GluPftNjOJkdUDxszMVJUul","ZKUozFbrTnrPifJDAs"
"Company","dtWNyfIPDfPwyacHc","iBWthObkDKoCXcysqljgqh"
"Company","YnNXutPZfcixBiJG","XfsXUsWDLTqZhrkeLGURp"
"Company","ewzQGfOHEfVFwcFPvntR","ZWTIEeDSjrbejnvvKqmQhKp"
"Company","GwPDqK","QrvzcODbERGXWvwuGzRCdC"
"Company","LvfgbuTtQTjXBUazbIFGsgJ","pXVSdsZuBhkmFm"
"Company","napWgNjbwLicyPcuWcrQOfEhw","RAJdfsBqoxzaaqZww"
"Company","KRrYxaHgjfnNHZdwzIuFCmsPqAC","FMP"
"Company","njsiSxrPm","JJHesdSwR"
"Company","xd","XGNHkBnJ"
"Company","akZlyGccOttckdepgjTa","AzvVIsnfqdxZvVFzogZHYSojnC"
"Company","iVVvePZLNfdQKxfTEw","BxsNFu"
"Company","AyReqnbHBlxIzvHnWcqxIzWYPs","nEDjGjFdTOcHzISwnlAwQRzzCNZ"
"Company","wLfzGnVVBuzrWfOf","ZHRugpULAlNYZHiPfPoAUoRyX"
"Company","yKPatBScrHopmfnmMdYB","XtDKGkRqRgGlNJF"
"Company","TJJJoMViIRfotcXYAMeyUCtjrg","qJfELQZfAwAGIFcsbrzOCgOcsXdSxC"
"Company","UDjgRhUlvCzjG","kj"
"Company","sOdp","yHx"
"Company","SLCUQVdPwhgvSl","YjZkCIpzdK"
"Company","NVOtLbtxEOwImusTgNkRImi","DNcFEsXxNppvoyJIzT"
"Company","VacmO","SNrubLRCkfoyltKaukErmeycqHzrRA"
"Company","sPXqsv","SqBVnXyNuEIesvgAynrYi"
"Company","LFJvYnTDp","wxNiMTFmUHruGmPX"
"Company","IAkPYFcpvqYktsinqIfiFEjEZqUFMf","DnwvXeyXs"
"Company","VPPzDgE","ITKjwkRJmmRaKaFvIURU"
"Company","fMZrqexoJfIeFpYbpvwMEfgYJNGcGla","TCspoGInFtmjqFqYPOKJ"
"Company","rHErwECfQhnzeuYyVoUbdEtfIwtbx","OPChVkdCbkUJW"
"Company","VxjXWrdUdRRhVpdC","bg"
"Company","PtoZqwTudPVMWDrD","PKzNxKMzs"
"Company","xcZULnApYyrzXSPegsxrlmJxyPgW","uMXroHfEcWxATdcipULIp"
"Company","sZlE","lbqgbHpMFkWRCXHfKtsRNLh"
"Company","wtKwPXhucMyeUZEoUwCRkx","UAZGgJDa"
"Company","umnecKBjUwS","YoIIZRBLsaXiPLIznMGYwP"
"Company","nVnOOUFsGQhEJrxrjfuTBnK","cxDv"
"Company","LgxjHLsjnrTNHIMKPtDUCKhBhi","SByIKKsShfJyDicpHHqSwbjjVCdeR"
"Company","VcrzHfuRDEl","BrnZSkDSj"
"Company","XNYZg","LogeCgoXRMXqBWGaJtpdvGMmC"
"Company","AENDfUGjDoarncKHsewFobEZpYn","KjbMIQWtyJjNUmnAJGXrugvuGQewXj"
"Company","iOgrCdWFTuMwsPVDqxfjntfcjAS","XZmsMUPsedBWoCianOfeakJTlNwp"
"Company","DlWzn","OzzDFUgUMkelFPfSkGjIykjImxQmGEq"
"Company","abGcqeuexTQhPVDdhI","al"
"Company","RbSQJsfsVRezmnkHufdnCSuo","XRsuYobnRYjqCVbeUHwW"
"Company","ZJUtWHFm","x"
"Company","tQallHvkiQhXsTNRI","oVeXtmLDLRfbFxsElTIiYIElB"
"Company","gABaAB","kOprKjgKsELJuniOsCDZUPI"
"Company","jlirbzHQyTWHoocIvsnD","LhRGrfKXcCstfVoKeXAdEcLlxweKP"
"Company","LBKWPNlbShCMhrtsXHNSZDPTmely","izSRwNbChNbbBkQeEAtUeitmUOlgDW"
"Company","nCrQzwpgeaebfRMiauIetoWltEwXBuG","cxqzVimFVETjh"
"Company","yDIIbrEzAZD","RxhGvNMDbdKBmnDYQkNbUwEbpPuV"
"Company","NzGVJpIKCNQRTjpyLGp","GuKbrYNciuCeDmibEBGCzgXVC"
"Company","RRYpIuiPebmmVQXCWNdcM","dQguf"
"Company","LqRtMpoBPWBEATZN","NxvXxZVzYHkcZlntjapBDKUKJjV"
"Company","YBuSuacFYDBgg","iyWeXzReBcLVEd"
"Company","aUTVCWUM","tKjCxMowKYtJmgICbolz"
"Company","dpFmBAcviGFpjDsTpGzALcWZA","mSeiPlkdHkRCJNeGbIpvD"
"Company","mMzcaHc","TNKEgIrlpnuppkSIbSBvWeR"
"Company","OpFF","REknBVZnhaKiAIQCLglpcbLaLfubrS"
"Company","tRQvGeIfrtZLIRsjHTgMcitXvlH","C"
"Company","zgCQJpBheyMAy","v"
"Company","HQGlUq","JOkRvdPVbbHaTsQVWkyxC"
"Company","KSQjWWplWYGmHnWQfD","lS"
"Company","LbotIYoHrYtsJMv","mZftrVhWhJZwKOkFNiukmWL"
"Company","uxFyjWFqaGt","yqOUTuroWvVnvPAoaaYHgSsPi"
"Company","IrZeMZ","NcSxRBGQJGnRSfamMGCY"
"Company","YDIUwXPkhXeEGrqgybfTI","MgScozNnhbXHBsct"
"Company","sqvcqGuPUCoEBQVM","CNJrLQGckScCGjBtDbCkZGldulHY"
"Company","ENyhWTAMLfIHQHDXwMGhivjgEBa","LbdrgoLRJWOBYtIVmX"
"Company","qIQNrcJrycANIAKyYeusJTtEmLV","MRNGWrITJBTgcDoUXRQyqnahQTn"
"Company","sZmmFkwqlxdVCjgmeSUHMr","SmKJtioEtrTZgeieAWTAhtgzPegd"
"Company","bdAjmRetAXRZgYJQisiduKsDj","ScufnGdZTIzSKHbqzS"
"Company","XjNricGvmgFyyuCkD","egvyJswq"
"Company","xxFcEfJFKgcjEmncYEYQc","NHC"
"Employee","eOMtThyhVNLWUZNRcBaQKxI","yedUsFwdkelQbxeTeQOvaScfqIOOmaa","JxkyvRnL","RYtGKbgicZaHCBRQDSx","243"
"Employee","dpHYZGhtgdntugzvvKAXLhM","LlN","gNfZBdyFGRajVfJNonEnOinZj","UfzQhdgLLfDTDGspDb","247"
"Employee","YdvDhtAsLghPXAgtbprXPZkhnfLTBSX","sPB","Oxm","QIn","395"
"Employee","aofGvthLoyPLDADYzx","WoaMAzEEplqjJ","jNBgpTmxx","pIoQM","7"
"Employee","PBzMiJFouxILNv","FthRIkE","gEYzhlSTPkcSUyTSbBkU","OV","207"
"Employee","Wru","zGVyIdgFUYNdkFYkkjNIeENlreqFLC","MFOPluIOMfSnzX","HuubOREhRXJoDCVcLCRmll","339"
"Employee","teOlrImKiDpJbLDnvK","DiACnbEKIFidn","AzTaco","M","75"
"Employee","LcdeWTdXPlQgjMVXbpRYzBT","jzlglRKAeamYUmWJtnJZLqwakeYcea","YFBlWcoVdFXlfhbUilkMpiHDMU","veErKUBEqCrhrtgx","454"
"Employee","WtKhlfZzDZ","xlpKnXmsjfwUTYgfExSOnq","wXgwbUXmExZAqY","dJStFJtVTQqOCjYYKFPwjvFKLQnmKD","476"
"Employee","zQeAydAJIwkGuKWiVZLRcElhreuxvw","YVeSelxWdEtYtJHV","etgDUdmb","cTVyrXOaoLCFQUOEXynhaz","216"
"Employee","VIhYOTAybWXyBzGqRe","wKkOqxJSqDjAtcDF","MMSKu","THjDRbPaqGjvVLsIUO","220"
"Employee","MedmIqFUtdxTB","RRVabC","DwmrfUyJVSbdBFIyjTfpDItaXB","IQrWtYnHcO","242"
"Employee","O","bplgXS","PAgcjtZAOBahwMGwNikIaKuxYYVASJc","IaSPolvldIfZTciudeieeoLVjkmgvz","119"
"Employee","FkG","BXjwiQjQKBhPbNYa","oDLDPR","JuhuUTlSCYdTVoSsJGyClHNnCWZGwZ","498"
"Employee","JUt","jWgnTkIeIrtqMPl","BIJtaer","QEskqEWDSDObmCGpVd","238"
"Employee","rDetIVodUvethundXqBJQ","qPFJOkHIpWuqUBpPiSGKutNzPuBDe","ZfevGGIyInuRGUCg","GcGUaENkutTuUTC","134"
"Employee","ZBzhTZzyzEYLAEhIrdjvCmERMl","QwRtlgJMzFfzLvgGOdyoxJF","IVsRIMiVnPwvmkahoHdVyCizi","hprfcQEahQopqOKigBgIR","266"
"Employee","n","MJunJ","PSxwMDkpVdpPPmMkvQzMPMzmv","OeNujiqMhRMxZqYNVITQFLfat","126"
"Employee","TqAeeGGOsayeZaiid","NlrPLOmYMZqH","xETBnrbhFb","MsMopQF","381"
"Employee","r","GeRegVvr","tUcZv","oMDBOXQZoTV","137"
"Employee","vXnsKKeWRvXUOo","MFOntGwQ","OupyXNhMOUjVDsG","IsRcm","141"
"Employee","xOAwBtmfSwKEpYp","QmhGWhGIMrvodaRacatwcYZz","QRMJmsdQDOgtFXhTSqWHdFjjbPJ","roycD","392"
"Employee","eulM","ShbjkpWHaCgIH","DqpvBvXwUntedYgKyfsYslKCiAqRV","GY","130"
"Employee","XMQZIeIMC","cDoozHPdtFuXbglQmPpfaFWCNHGlJ","ZvyxlRcjBqfswv","xlp","381"
"Employee","blYrsQFiCOxvKWEjrAsPDzKxhf","mjLgOGYauEgmMmxBzA","LR","KeaQbsnmRMhHfErVCEkcH","280"
"Employee","GsdXQSbMazTniYZanZqNTl","kfPAjvyKPihCrCmzoRxLcQsxVLytaE","SEowKE","LmsDjaKUHQGcw","31"
"Employee","yaVUnOnIbTeygCJPTWqGbAIxv","EMePviztmdfqpvNrRqHVbFAphbnBMTI","ROL","ytPfLdSDzTAVPwbGXOu","35"
"Employee","iPMA","OQVnUwQPraJHLPr","y","XdgmWNbwLUXUeMm","397"
"Employee","CgyZxbpsUGupqoy","QpVRFpRXlWkaZgdLUFlWyKvdrHf","KgZIFWDnwypaEupdRXDoXqDqJYSu","EuOxsDtMWutbmjqfypdBQigZk","278"
"Employee","hexbZwMuoE","MhthsxzczLQLnnaShLWsrKonDTdxYM","grEFTmbXZsOtJZgOSYbvqFYoiR","AvQVzKwsYr","46"
"Employee","fp","VNAHfDSY","vGOosmixlhAkVJqloTKfzouiPpa","WXBjxEYAukF","425"
"Employee","OcAqemov","uDfYPYRKGLkCycEvgJBLFguQPIDKGTe","LyuwQleqFmPPghIgjPIbCvcLfvZgLto","HPdhkNUhzrzgPkCDqfMwHikwtySGb","289"
"Employee","iHIVvNkATvQKBNBcIltsNMyznxPlsr","ucWTgYTk","yMPChSB","LsBVdlMNlSsOFvnyYG","293"
"Employee","tAnEMeXnRAVNUSkRy","rsiAhLzZQryGvbioU","IMmhLOqDltfUwA","qWo","189"
"Employee","wTiYlONPbytccZevAHtGXfY","KqoANO","Fh","otFmctdBhLgmXhGFu","66"
"Employee","ePwoqFBxBHAcdvXeItY","cffjPqMDHeAwhGweLJpL","Ko","cfysZhLylzXvXfEEdYALxQwJOjvvuC","445"
"Employee","ZIkowQoBkpSHWpDJcdJoylO","JWekLYCilwsmSglpMXbLsYY","TZxz","TrfzCLXljsIVShA","183"
"Employee","OqcjIO","MRvUFXXnMrEml","lBwZlNVKwsmgT","pEVnNlLNEgy","60"
"Employee","SOtkMbpZjumQOYEaaDWymzE","pIwdYgEQzAPpmGvvtncdxYgVq","cwOMAnizMjcHvTdAqEeTahiGze","QjBPvBfmEOkTuZxpKYcrty","194"
"Employee","ZozqmwXCSgjaOmseCOwlqrKytwgUOz","sLsMK","OMTiBJPLXEijWVCigyGiabrJpQj","XAEUPNrvhXOvldCUDmTQTFQYhtRqbtZ","58"
"Employee","BTazUiAWugTbTusLrUSDb","y","uVFmsYkRxgCZZtv","FBaYZvbJSRsxeDp","311"
"Employee","A","OiXKrsyOBCjEqGXTSPTaSJMatrhF","ebZfoMIAAQjGyIrYzxhEbRpeQ","XeD","86"
"Employee","QZuwbTNxAeoJ","QtTOflXbHOncEUnOvXIXc","fWVIjSlBcJ","YITraltpvZfJTLmESNnapFhN","337"
"Employee","eeyfZrJFBNaEuifCNkszyiEoQ","gZMLCkOPXmdXNjx","JYWitjSodgE","yQYcIOkvAhLTcmYrO","75"
"Employee","gFhomWJfRGWaenLOfnnbs","vVUNOIIkGfcJxDJJ","ZJbEarRLyuorIWNQOnyxEhUZUSQT","AwirgqwyeMk","452"
"Employee","gbxddUcTxgUrCNPcqDB","qzRqqQguCWqel","AZWGNDbwVydJjUFpuYnYyF","olqwISJ","207"
"Employee","sDNHAyGTnNUJXqHscWZgWZAek","DirveTpIBclzm","LFFPU","qs","229"
"Employee","FAJPL","UOvna","ZyFprInRwGnCzzKlBKKmer","IMPAgkNoeYfbFOJRDNjNdmVGBtz","480"
"Employee","vKOVaTwAKzvNq","HVrbvjsWywtPAkEusXwpjF","iYAEDphgbEnTsLWMLtXndArryVNN","NsBBwQCWudVIOdTBGekx","93"
"Employee","rAv","xsxbMLeWsiF","KoHURsAE","FZObrvYcJZUdQpkNMRWMnuqMZjGmbG","344"
"Employee","CGXKUncoGjNmiufEezsqjyaf","frIBPZPaBSoCKMLUHpjvOgdpkHbj","vyMUyiUot","vTxvPHxRUSsO","99"
"Employee","f","UZGjplCWIHgWC","zzgQumDOlHcTKpEDMMQAinV","aHOczHSZ","494"
"Employee","iCGpFLjieraUbUBrfUNpNDetDurdT","EuwhAbssi","VUsjukttLVNgALOeIlaRbcuCmRofUK","k","372"
"Employee","svnVdfMIWKK","RTzziBjTVesYHPeRqqnRMqkrUBXhc","uMC","yWsEJVFyrWhjUrBmye","236"
"Employee","JABgJQuuFK","RCwdOHKbJuFhfYRW","RxtRlwILVXbRvbIODtPxDYpLArKUnKp","xzNsZDNC","115"
"Employee","lmbnRTFArBmCsVoOcCJNSiiAR","GiEvtzMXGjrOkbSWTmyDBS","ivvEA","BPQKbPFZ","491"
"Employee","UVNrvjOYQBbPzeteLsatwvGFiQts","NzguJXznivAEBCzNd","AikVFYzzABIXIciOvSgOqPqiBX","Ebyrzvmdzt","124"
"Employee","pRATCjAxtoeahnuqTvlBMlDcVUfBfay","STDo","TUfoRTFWHJLIJhaXcZuIhzs","r","3"
"Employee","KcDFogAcFQmhFHUwjfZqFF","olAXvJyVaIdUIjRDooPEq","bNeMIGAKLz","fmLLG","236"
"Employee","XcGJ","resTjMbmoOkFbaEzFrWlXC","pwyfLmsdJYRkjim","rUVcUFrXkDCl","492"
"Employee","RaaRZRzdKkbZIPzm","ZTKjOqBNPKtIXorhjjfmCaOsuPxVSvH","FTuYbqcdCouZhBOxhCXLhe","YowUBLQUE","368"
"Employee","qUTKprXzzGKWJTteLLldkvYAfDigjGH","wMxHPeQPF","wnznyWxIEdNybTSltmSVdRr","TpAGWRBQ","265"
"Employee","FBWS","Bim","pBFK","KYmCnumaWRAhRoBxTHkhdj","20"
"Employee","EDGPoWXRYhzLCqZrqc","uhKmBaTubLYSdaWHUJH","mDNEwMzSAIVgFdfXLVgkYpFTU","eGJkNx","254"
"Employee","guXVjlM","hlNFlbpkzznkDqTCbTyzjBs","ETyvemwvoadcvlvrhCDNOq","yJXkKha","9"
"Employee","cokqwrDqNcH","gRUMSrpufyRcqQ","OIAFRT","DKYXDZLrtrJuQBWIDgYyiI","260"
"Employee","tQCCJSmAVisPEazXFQ","MwmkhrHNzaqwBtVGwiPCbswTskPsm","JqKCfgqVTsAoFTErynF","cgTjHdfSbFeOIFvNRZksaB","33"
"Employee","qAAVxuf","hotdTNumcvVtskDixjrBneWUJHIQj","YOJBDPGnnTRmRWBGLGy","CS","284"
"Employee","uypSsHjephMm","bgJMGnFGFBvfJkmDDuTHUFVKTEct","M","AEqBlhpyRc","148"
"Employee","WF","hXtmlbUPHiKoeWHv","vZIVrwxwGDssxDbUJcQkzKoDlgF","mfouzbiNkzolSFrPmBspQmSZlfHwjpa","152"
"Employee","AYfryQOoitUd","vgoxhFpdhAsYtAucHKQgAvVrxXYOS","BkzQNZKhibwtlJkYjIefJrwxa","BbXgeFEANxrEiF","51"
"Employee","VPrbHKWutwfgBBOqUFX","WXgNZ","mxYeebyeFDWUEaRDQNcyWvMcJ","ytJyNtGTiwZOXxVwz","430"
"Employee","BdfDGVLepVmyiAqLJPtgxjc","hlHZIrDfNbPBwMjiuaXwYkL","iNYttYiFQxeCkoKfrfoDDihmP","esgbERkflt","170"
"Employee","wAJLMPeVaDdystZRyWrq","DAXMIcjiBHiaxqH","HWbBGNtnskkhfRKByVq","JyukSPpmZwsWSQbDSePCfYAHQ","421"
"Employee","qMQJATcDzqOYckaL","eJcplsIvZrB","sjxPMGYUQYwrnMZncslSqrqhZB","PRrDlwkWyimpn","116"
"Employee","zewyLlmVqAiYBYXSMzFlvFMMMU","LGtcGLYciKMRVJcoPJkEftUCAxuFdU","XOXLWMWHopdnv","lkmSxmfzdAmiHSI","368"
"Employee","eHppUvBxtkWVBoxKEkXDuaeXUvAI","rNtpIiXZzVxcuPIgGd","Rp","slGBNzdUkDdfVscUXfafUePcl","229"
"Employee","jjBMSLLSHbKBLTdcutLQHmcYwr","mXvImaolprvquZL","VyT","UDgzqEzPGMpya","484"
"Employee","pBmkgXvSAjWnhgSrtxxGlUCNKUWz","VEtrnGdw","nBRI","SEQOwCZ","235"
"Employee","yGrenKpmdoZjoVRBhRDFRQljid","VEA","IPxkgPzosPC","ipWNYCZUubK","134"
"Employee","DclseQcuYowJuJsysAEowMeYRDl","k","qJVAnNVZCkRHDkEDwiPuUw","lCcfCjg","13"
"Employee","EVXQaJTbWpZceEvqfsNQckHBDd","bSvQuqqPbGRwfEbT","dHHyCEtwZOgbEP","VPDshQfIBEUanMgkChfQ","246"
"Employee","yjRkmdVpwuzrFOFXvODGZSyLFKV","gGqQNsHf","YTyI","fHQZ","2"
"Employee","wojzCtBlWnpEVRQWAGqLkFCjqbFSRR","UMtfIfATbDCsmsVfR","EzbwkWhcpjThQbiDvHfHOCGmidX","Cx","253"
"Employee","XQngBcThqpVNqODawSp","TcRveWPm","vjZxWszSmMbuIaFeLZJBV","pqrgYEfgBQZscwWwv","152"
"Employee","qXGsYnOlEVtoPwJbdXzExdWv","QEnx","oJskXwLL","ehqJJKWOFxxxFeeOcjHTrYJPUxjLQDA","403"
"Employee","TBoZcebOzpaXIZCoSXesWzkGB","JIXZhPehtwqlQyOKwRnTYjauA","vxjnFNyQhBpFuaQdTrQ","DkcHUQkNuMolEcDYPG","141"
"Employee","nkYlpfjADcSTDyUMJzF","CdjUpS","foiHRXgtABZoytUPmeVH","fJMQreaGHnd","392"
"Employee","lGnpmpDuLcCWwviSUKnVxGJJtsu","nBFLxgnMIhwLajpEDruolhda","FIwr","pKhePbZbIXMhWYlTPHCQQegzbjNO","396"
"Employee","JLKqkRmLoBqMeY","ELHLoSeYgAFmxlBuWtjEADfexbdcH","dLU","WESQ","169"
"Employee","hISroEwTXbfkekflYym","mhwNlc","uC","RwftBSsrRQpsaEPWAwfKiipXgehmYv","48"
"Employee","ubKPFcxZCFxI","pxzv","N","qlxarvAjdnN","282"
"Employee","gQRKAUNlMPqaEmZgSKBgSqGFqomq","PYZGtGXudeQMlubLMUIs","JkVgcR","AJcjHDPEBTvExCaHpZaDWeicaLJXLDc","37"
"Employee","DytDw","nshHyKXyfy","DkXUUHiqBDKqd","fvxNRzti","414"
"Employee","NmDkmkJtBAhfPetwpWd","exaMoNxqdIdjNhWMFoiccHmqdKbmiLb","B","m","46"
"Employee","VqpNUndfqgPvWaqiamGMlqLrsj","GtvHmnhYDCMHFfQU","cIsbRuEoEmVMcsiMhqPjlgdvDtSBg","LHKLXsjkW","297"
"Employee","efXz","gCIYPQdNRZKkZRyEbxoHvd","XrRUdTiUdLWVVwKdPOsiKx","uMSLveiziEPfNAyoxZFchCyZNoFZK","35"
"Employee","XZuhurwYRBXCrKKaBHSqAllRgbkDr","oAxquvlImhBQizUARkrceF","LOWbndf","ppcgdpfLRJRHqpnLLDqCU","286"
"Employee","wzjiZRtZVjaOhM","qxudDELqvdxwLRXlVIeIktXeNyxioEa","GNPVCNJWDGKhgaMOE","EQnKnVpmYsHhYKovAjgh","291"
"Employee","IxMkdL","QGnZIhQAvW","OQKuwKUcWNgUUUBX","WdWbHgcDEIZxVDWMPauw","64"
"Employee","i","lFfHnwuAAngVPxOmxyZPDtRzXSHbmTo","kZkYqhGDjqlSgPyJmzQojxD","kcZLdDZbnOuRTH","315"
"Employee","QRkivPJmLXRaomhPqYNDG","NlTARwGywNwKCKd","abtQvrisZWeAuaRFyCLVFQ","VpJj","176"
"Employee","n","LKbGrBMFQC","HCODqlmNsZoamsqrDUCB","lBRXYlriKILESGwPzjm","431"
"Employee","RAFDLPQQuHkzdb","sddFiixxQTMrQYIRgfBNdz","NjvcDuesidVHfcEkPBaBrSlKPVUh","mMylAmxMSHXrasSLj","183"
"Employee","aRVyuLddrSrngVwNELOxJtCwhm","iOoEkK","NjFMvmdhnuQxlX","kQpiiHV","456"
"Employee","xkekLwIN","eWBWoILqfmousnjJc","NFBFdhIshPRUppUtpYw","oW","207"
"Employee","ENelIuFjBRVqZfrFTXfaSbh","AHsBiSkVYWd","TxmnNMvPxTPwlBAAoPzFAsRRT","vkrmerrtlHCcnOksxhTiuWBZ","445"
"Employee","nlDgXEGTktBruqq","gEDVkgHGanSdhtgrPrlsze","BVuLEinaSAXEdOUrPvWtAGTzVOfM","zzcVDdgtREPPRp","75"
"Employee","b","mCnCUHXClesSpKoQuFubledeC","PREKfuylhspChntCyAb","oBmmIEeaDkepDqArpoGWTN","326"
"Employee","DydQOSoH","QcLgmGrsl","lYAEFRhXKUXGCAaecHngMlXUnXu","YqkVDxitNxN","99"
"Employee","wLnJAdUJdQFMfWyKAXQiAWFowvaigHY","ItEaGikAWH","BpTTbzEfdzekdoaucGfDfQpH","OrTaSWaNAqzaEDxGfaRtHvJcWSzcTp","350"
"Employee","SwDQaijeYKbpPi","RPPbMBmmmFpmq","qNLYddW","DBGDLNeRjTCozp","88"
"Employee","eh","gFTYRiMIAVkRN","wnoKEhiAjqMqWQEaBn","VCkT","339"
"Employee","OvATLsbyzzHQKqovdRChYN","NHuCXtLDfiFFjw","MneyLdXmJDGKKKAacCjFBTL","GlK","94"
"Employee","dbqsbrgrLIymUVdjlYRnmfASm","QbFfHwtYWCzyONixAeYjUi","MFBNxNbVNPblPTsLK","p","222"
"Employee","umtRYvWN","g","cYIjzJyXhuOkfDmhBUMnCxlHDZxQPvh","cYuoHlidLoIesrKatCZ","478"
"Employee","ssLXZocjINHFzMDWznICJsFpunJC","ihHjTTsEGpgEvUsF","eDPhVZqZuEySftWsVgLjZBVy","kNOujbGTZSKHxoSzHFvEmKyHUFP","339"
"Employee","RQROVwCcIinbgvMATVPkCu","MwuizzlPCgKhAuztiTZYhkmVhPqZYAr","WaOIeyOUnDddElLQtXYBkZQ","ciOgJA","92"
"Employee","rEbYhMvJCJoP","SnMbRDljzJT","aKRYqXLNfxK","A","493"
"Employee","LYBrUxIZ","RW","aTQdabdircPz","W","357"
"Employee","EPrMBtqdBRWWjRiTGhWuJNgPJouFb","TSiZRpVBRoinDpHLUdzaOop","vHHOXxumqvBtRgwDJ","zQfmqWaxbHWkMOiXOoaIvuPYNyyaLd","487"
"Employee","xRZCqkPGnu","RuZ","uOmPKHHaKjDXNfZZRTtHBpDIO","yKnmacexOl","238"
"Employee","tYyNSCYdjJGNcTKziVsFic","VAJJA","yUYj","hW","134"
"Employee","LYBGAUWHm","hRHoDR","zdFPZCQRYOLTm","BvYLGIsBS","390"
"Employee","BKlHMSoDdNgiiTsjldlDAcFkV","ZQA","UCrAfOYwRvclWhQanYuKlnPmhX","XvreZqLxucmCNS","123"
"Employee","FKBFbWYUxaVnVyhYXcMK","vVyjVVXajflRwdZiEYrsv","jmdVKpeMmXzOrNCBnLPMeF","Nl","379"
"Employee","qwIc","ftE","OIhUxCgtsJ","KOtGIBbgcdZFBH","255"
"Employee","zTrhuIcbiMWLCI","qEQEcnOahcPQPfoSGIRRYNGjnsH","rjYDEjfqKQRaNNtsKTbBcFevw","VDHqZawh","28"
"Employee","brSUGwOduZvsbpkxltqD","hqY","IFk","dgbYQwGqYe","407"
"Employee","tGozJcum","HurfAmxNqQgSqth","DWuDqwWNmrAsmryeBH","IiGPdbwKJDxaIAZt","141"
"Employee","QsBOiKfuGEoBvCbEAfRABtwF","FhDtJIFIDI","JPgQHkEpJWAuZCefSO","NkmCkMaV","396"
"Employee","vdlYwGUiHoXooZOiA","BgEOzqb","cvAHMehFaNyINUyfrKxmxhjCmX","kgHoTCJIwFwNHvKWDMckT","147"
"Employee","BGEEXLsPeNEFsi","QAyzBggVxIBZNzDpAVJe","BpjuMxifEIcaNLmSxe","KRYKWeoeWYAn","280"
"Employee","NifxunJ","rNjEShZrH","xUXZLsiCILswQxcidEXOrmoNfVO","bIpLFAgmWIOBxkIVxig","31"
"Employee","LgFxyCuSHmsSXjiYyHgnCOzk","zCmXMMcdcvSYOsWwDmSrpveJiRAGvoP","YrsXRcfdmYELDyzigDrwbc","qQADQbmqVU","269"
"Employee","vkkLs","uxTWjTVjhcKjkQzqNKqPk","rk","xwaNupLbgFmgTPZKLaaUKvyPRrG","145"
"Employee","NrxMJR","YEZbZHvhwelJcwYpeOJFQ","hTNAwWAdrGBDrDLsgBg","exViZgr","401"
"Employee","dNHorIPZcUIAsnToHXJHT","pcmeudVULShLgMRPcV","MQqkoneVDlQwgPZOlXM","Tu","170"
"Employee","qzJtZHgkUUyUlyxuxuVJiYubBzIK","rcgz","hNvmysaxUFsjgasRkWmIXJZfkhdfH","gWwSKBUDuqsXO","425"
"Employee","LAogTNsBsaAJeUo","Tqi","mZnrmDgmu","zaiNuapRPDzPyCbHbT","176"
"Employee","LPcWnNhfXZqkdNRtH","GLLmyufxMIhmukCjDS","LjfhhsQpzgKAbIoOuNScNH","HBcxcdremLwaCGhoIljcXfky","37"
"Employee","gqYjcSa","voXJriQqWSbIjIw","Qnra","IXvOWpWdUdnIPzPK","293"
"Employee","jGRloSEcmGYYfXPfjR","zOjThA","aLVHnsSaSUOPoFvZPAi","mfKcsWqLyabnWIfOFiuHnWGiJXz","187"
"Employee","dtWNyfIPDfPwyacHc","iBWthObkDKoCXcysqljgqh","YnNXutPZfcixBiJG","XfsXUsWDLTqZhrkeLGURp","443"
"Employee","GwPDqK","QrvzcODbERGXWvwuGzRCdC","LvfgbuTtQTjXBUazbIFGsgJ","pXVSdsZuBhkmFm","194"
"Employee","KRrYxaHgjfnNHZdwzIuFCmsPqAC","FMP","njsiSxrPm","JJHesdSwR","432"
"Employee","akZlyGccOttckdepgjTa","AzvVIsnfqdxZvVFzogZHYSojnC","iVVvePZLNfdQKxfTEw","BxsNFu","183"
"Employee","wLfzGnVVBuzrWfOf","ZHRugpULAlNYZHiPfPoAUoRyX","yKPatBScrHopmfnmMdYB","XtDKGkRqRgGlNJF","456"
"Employee","UDjgRhUlvCzjG","kj","sOdp","yHx","335"
"Employee","NVOtLbtxEOwImusTgNkRImi","DNcFEsXxNppvoyJIzT","VacmO","SNrubLRCkfoyltKaukErmeycqHzrRA","211"
"Employee","LFJvYnTDp","wxNiMTFmUHruGmPX","IAkPYFcpvqYktsinqIfiFEjEZqUFMf","DnwvXeyXs","449"
"Employee","fMZrqexoJfIeFpYbpvwMEfgYJNGcGla","TCspoGInFtmjqFqYPOKJ","rHErwECfQhnzeuYyVoUbdEtfIwtbx","OPChVkdCbkUJW","454"
"Employee","PtoZqwTudPVMWDrD","PKzNxKMzs","xcZULnApYyrzXSPegsxrlmJxyPgW","uMXroHfEcWxATdcipULIp","145"
"Employee","wtKwPXhucMyeUZEoUwCRkx","UAZGgJDa","umnecKBjUwS","YoIIZRBLsaXiPLIznMGYwP","24"
"Employee","LgxjHLsjnrTNHIMKPtDUCKhBhi","SByIKKsShfJyDicpHHqSwbjjVCdeR","VcrzHfuRDEl","BrnZSkDSj","261"
"Employee","AENDfUGjDoarncKHsewFobEZpYn","KjbMIQWtyJjNUmnAJGXrugvuGQewXj","iOgrCdWFTuMwsPVDqxfjntfcjAS","XZmsMUPsedBWoCianOfeakJTlNwp","13"
"Employee","abGcqeuexTQhPVDdhI","al","RbSQJsfsVRezmnkHufdnCSuo","XRsuYobnRYjqCVbeUHwW","268"
"Employee","tQallHvkiQhXsTNRI","oVeXtmLDLRfbFxsElTIiYIElB","gABaAB","kOprKjgKsELJuniOsCDZUPI","162"
"Employee","LBKWPNlbShCMhrtsXHNSZDPTmely","izSRwNbChNbbBkQeEAtUeitmUOlgDW","nCrQzwpgeaebfRMiauIetoWltEwXBuG","cxqzVimFVETjh","41"
"Employee","NzGVJpIKCNQRTjpyLGp","GuKbrYNciuCeDmibEBGCzgXVC","RRYpIuiPebmmVQXCWNdcM","dQguf","279"
"Employee","YBuSuacFYDBgg","iyWeXzReBcLVEd","aUTVCWUM","tKjCxMowKYtJmgICbolz","30"
"Employee","mMzcaHc","TNKEgIrlpnuppkSIbSBvWeR","OpFF","REknBVZnhaKiAIQCLglpcbLaLfubrS","411"
"Employee","zgCQJpBheyMAy","v","HQGlUq","JOkRvdPVbbHaTsQVWkyxC","180"
"Employee","LbotIYoHrYtsJMv","mZftrVhWhJZwKOkFNiukmWL","uxFyjWFqaGt","yqOUTuroWvVnvPAoaaYHgSsPi","59"
"Employee","YDIUwXPkhXeEGrqgybfTI","MgScozNnhbXHBsct","sqvcqGuPUCoEBQVM","CNJrLQGckScCGjBtDbCkZGldulHY","297"
"Employee","qIQNrcJrycANIAKyYeusJTtEmLV","MRNGWrITJBTgcDoUXRQyqnahQTn","sZmmFkwqlxdVCjgmeSUHMr","SmKJtioEtrTZgeieAWTAhtgzPegd","173"
"Employee","XjNricGvmgFyyuCkD","egvyJswq","xxFcEfJFKgcjEmncYEYQc","NHC","429"
"Employee","quia","gbowinAvfpUsaJASDOIKAbqSA","hSlabpVulwEopSVgPxVTRDOwAovV","PpcNazBuCSDnoKTEnvQPopLzBKyAONj","197"
"Employee","fDYlVtBjL","ilPkDpNPwGYfo","xKyezfXWNcarOQJfnGM","KJeTzm","453"
"Employee","cJhdJJyDkRaUbgMkgbzJfvdzaWDSm","RWYZwyLpWOFVlLSHiKvDNR","YeLKpjmBC","H","204"
"Employee","ifiSquj","pFoMMGJfIblHLelXakkwzshDVjPb","ogsiarpuVQTMP","ufxLKnCOzLOWmAe","442"
"Employee","mb","IYUiQomPCRxZDUELh","kLaBjDxm","QuDgDuRCexrHILlbk","193"
"Employee","mhuSRTKSL","Yazfd","CHrfOyxIZedJAVZmHKYOWTsGdDDmWI","iKLDRoptjoGfd","325"
"Employee","abbLthKCjZiWxvjEKruhM","HnMO","DKFxADBtVoTJiHWScRJRfShQOjNEoLA","VolpDcS","76"
"Employee","WbmJLlEuHzz","RUUZUzyziMRdwlLPJxWbYPZCeLI","TLnvvyeyrpmOrMsOYpyYGhdn","MZGXUHjjOpKcNhleTYtALoGJt","455"
"Employee","pGcotjaAr","LowBzJhUUmAtfryjTQxaGCTJtQ","VEMZnAjUnPzwTiQbhqzZCvlGSnEkA","yvEqXhAkAxyToBggigjDF","193"
"Employee","OHdtJgEIMUZ","fuIIGdXsvEATICEfsPabSPUvSaEema","fDFoVjYiIwJSHmtozrRDdTmBR","fOqgHXqxKL","444"
"Employee","DJieWgCIelTITTKEXAtpVQwLL","psBZiCtzKAZtkOdRMKxRVdQkDO","jJFujnHX","pfeFkKkHTOPOSyKyevnFIbxAlxWyhhO","217"
"Employee","SccWjhtqKpqqn","SDzJsdukgiatg","XBVBGGyU","BovfXgXnasizbgYorjLheMM","469"
"Employee","RUPVSpoOgR","VVpCCOaMsVVNpyOhzDcnypgyoHK","GKJNRZNyiYghOOXSoIFvg","oJvnplcRLbOnbsTHQHQrhfysThjU","224"
"Employee","THiQE","SwphivaktHTSNbkS","JgBLIWRSK","rrbBdyjXHcXnkqTOjOSWLodp","458"
"Employee","GilukBnhuzjGMtFCYogVjqa","tJZpoEhjohSSnncOvoyAAW","bGBvDteuLikPsJXtSH","oeWk","339"
"Employee","BOfeJGtaaRAGhTAuyPYuMLtNYbbZFhn","vP","MqoHTdRjiSwPiPvryujnOpredHy","Ms","90"
"Employee","zXNRBaZsRQslDVBWqZKqlh","fP","LiCtqKG","nFJewCCGxTM","363"
"Employee","knbW","gWghjNedNUSiGMBccgurJ","yRRGalrdXxTpETmLblDDKUQiKjhKZ","SXIjOmRGMj","114"
"Employee","ksvaXP","jARgyJUnPAee","ExdHkmTr","kUnaefBqIUcSWsQEslmsuWot","352"
"Employee","bzaXhjvHcqwFIvigVTTBbqSyKgdS","AZYieoHuZYRSrcpDBR","SaCRIgNvLhL","L","231"
"Employee","UsQHbcqRPdRSGCp","rrPTtjMhUqhOsZiKPdCmX","dwFbQu","QhiKYeboFWzRecx","482"
"Employee","N","aHBnLZRihRPfKgclq","VCTFanYvtxbqbcxzqRq","vtbqoEQcxRcEKatfaXjz","255"
"Employee","luvYCOlsCGkamufjYUswysiJOJWdy","wDktXEjW","DYQoqQucgRwhX","kfVukUMTwmdsWUo","6"
"Employee","wxexLqvCohilRTAGBoXNTpXZJI","odpehzvEQtAlyzg","R","KLQiIejdTzTotlj","244"
"Employee","augPzILyxwmWUIHsfirQoZYqqrb","cnf","R","lgqaw","495"
"Employee","ZrIuvnpUKNCOJtvScxpFhWdYidxtm","BzClAAacAaHivrnOeGLmHsLJTzPFPi","UMUSLqatnwmvzrfZxCfmqqLEfKsjJE","iTzsPnoOFnsqGKvc","250"
"Employee","zBcVtrDKqkDnBgOvYf","GyWETtROnAAHVJXoTfjvhx","bNzNltRaWNWKNZLJdBNLCUFsdzxWj","PAbjEUaZzcNEOophfNyWsmuxrxtYn","378"
"Employee","q","kFNaulhsVUPkLlcc","LbZXgVrcPF","GIUiiVfjEUkdBFDkRmMjhGQeyltiK","134"
"Employee","ZLDLZayvTHIBgkwPZoPRzmlUBSl","XgALgDdY","XdaeyVJnlCDtHQEQOGwMXVDBdCZ","QYckVTPZAT","385"
"Employee","fgnVi","CTHZZifXidz","MgGIadwoyylAHzYhgmEDIUSwkiDvUd","GEKhCsYdaXMf","123"
"Employee","wXURSdlnMxGx","yqzeLcgBfwyOyfVmQNIqXbGS","O","laiodFyHBVUPQKTasDIpVukBqU","500"
"Employee","VZkVpmAVjcjU","OCMKdxRURgKQtPzBQbrmeGqL","UYebaRTxPlBZAf","EcXOSlgb","273"
"Employee","jo","fVIhGFYtkWPYdFCXzaPxSQOzvb","rAjAoGzqYrGuUoTIBzZpuOmaiMsjfU","PlAlkOAzeZgAXraDKiNDMBqatOtQF","24"
"Employee","hZUFeknBITEklRDdOpfLCwZbXvotU","ElZVoQFpJSKSHv","dkprXnHZQXmXhi","HhpNUiEBlkgY","279"
"Employee","HmqLRAioRbtwYhAKSvALzQJhgXcH","ZzFASu","DyviQXBxYmTlJYuTkD","BEh","13"
"Employee","afIpVKjYaKUlYsEP","yDbvciqMztCZHPjLqI","LgRttCbFiTyzzXfi","pUOGRqyAo","268"
"Employee","sDOKBZpxvHNOnJcDqYnn","WFwkjjXyTXeZcyeATigvjzBY","PdnYRCEtMdEbdWfimuIn","gYetTmCYYKWBTYdwjJQBrmtD","19"
"Employee","TFtUydLVrbwublYhdkX","PSPEROCQwqoYXbnYxBM","oMlJZKtEhCFfRz","HkkOMgkJTvYNL","292"
"Employee","K","WXeuM","vJDSWslwLmiLcXkjphk","VZSwRKHdH","44"
"Employee","YtEVksQO","DzUiqTsioQcGRgMuiilN","HpcltNfWHNSfYrPqcXfpJLZ","lNwQoVZ","281"
"Employee","aKpTjE","KZXJXgdeMjFryVHVE","To","UM","33"
"Employee","pkjPQrWORJiisckC","PYABJP","vSXBcXxhJmFSCKeby","LIWXssdNxRR","288"
"Employee","o","g","DGCN","jVbFSLopclOdsDSeA","184"
"Employee","pgtqxIVKFFACMshpRuIAMP","XHICTTqFfrmy","JKuJZMwJuGNiXxEuLL","XzZQmtjwv","436"
"Employee","ubpPvHXSVTsVnVmwPIJKIbaUvSw","deWWzAQLsKfMOceUPgK","WYQMdNnRgRBnmAUrv","SEpGmHqsNLHZGIszwNIarzX","173"
"Employee","WowNUudGnnYmORsfpPYOYa","uwa","UFwwBvKivzzfxGvQwFUCrfNpRwzup","QjxOTz","425"
"Employee","iuwhnVdMTMtwlrfcMKdK","UeAsNSzoYeRVHJ","VwBDAubxCtehtXEfTfyauCr","STOaytzhh","180"
"Employee","MrUAlFdXaKxUgcofuTQSJti","ns","AV","JbTFPNTuZbrUGhDlrcWmK","308"
"Employee","CoYCoUionXkVO","huBpZVNMOThXzQAufwLumpmjfpYS","SBCydhDCcbTCEMSzuqJacVQR","v","63"
"Employee","rPsjAoQeZCHYSyyJkbOBAxLaGRGvGLJ","xkoQeQtYYoVvIHhX","pkBfxzTAPxPxJeSTBQhlXHpXrg","NSDnAqHZqZJoNBSJttJM","315"
"Employee","akMyUkLnjMhIVatvgjkEz","lgLUDnSYhnhP","vjrOkIqgFLew","OCXBNaOYtLDKiEEOI","52"
"Employee","PNyNPKpdOrowPGnIfkuFXHYrqBTCE","jeJMgIPhKIZLDqAVuCEnJbMYaH","xlmWwEG","QXgqsEGQMdOe","304"
"Employee","OsNIBLPjSYWPhsaFJk","IXYR","BgF","F","431"
"Employee","UfrubYARqBksbtzgUwmS","tIKlKshZtTOqIdXUSYILFKWojjqHFj","FtXphVJ","nGqjdaAHiaUUPfDgPaYfMgFwbeDcKF","328"
"Employee","GKNJzaNgvmpbgWotSh","NsTqUMix","WkIbsy","ExttxRtVbIxkekcYLcNuK","83"
"Employee","sDpxIxPxnhIngTBtdqttfAdTE","WKOjxeOuWGNfMlXFcDhjexLLXku","gG","pyvhfTgwkfJNnYZFE","317"
"Employee","c","nwYsZXKXCNXREY","acmsHoPeURGkfuafGckxidM","auooOwjZwWB","72"
"Employee","hTBfYdJWlYXxZPFVkhkFSWN","tlFnBLGvktZY","kYhFzDcoVyowhmnTOLAOevdDKAaax","Bg","323"
"Employee","jMfnFsImjYAF","cSACkcYv","iBlTePcVjfVf","ocRIPfMSWhSmAbR","96"
"Employee","eoFCFARj","QeqYjloUwS","A","SKbB","348"
"Employee","pYn","kIbWmUONLKNflGkLkGfqQvKHxDAz","aqdDGlw","WUoWM","85"
"Employee","uWbcbSo","QO","KGuLqEkxJVJdy","AcuZaGvyK","337"
"Employee","DtMqkGZlsOdGxvFCENrmnLgVRwxSuFg","yEUscklBGFNUKGAwyTa","OlkKtuimGaXaOMxn","SMKOzGjiovrTNenYunFE","92"
"Employee","kRXClpaMmPsAYZO","UkKOaGRKgVnZTZV","cBTnZBOPqSniwHrqIyNkvHrVL","ofYpfXvewqbLx","361"
"Employee","UEPEmRwlwPfKkgrBSusRzXYZ","QRmdTlZxa","ECyomzUYzKibZemGDsomLBaZukraWEo","NrlkQDY","116"
"Employee","rUVYjMgDexPyEiDfBDI","ncSjdWvxfYGPnrculFJg","oskmqRguiboBtireJHu","NnMnOPmuOOvPbIzfhsmoahzd","367"
"Employee","KFDU","YEqqELeYNJbmoUMjmSsbxhoLKiZ","pxLRVxrdvCHNWsGHCmtiYoFjIYG","XziqhqHM","105"
"Employee","GcSJqmWHfc","ILalmVHIAMnyyAhsIHSKUeoi","EFdUFTqIvd","zOjCAnvoPUlickclCkQGBWV","356"
"Employee","LYEixrFMrIBmvoTbXjV","RRfgyWn","xYjLYUBBQrDQRRtdSHAsXEA","NMlTEhjIm","425"
"Employee","EAqJAhnfAEMZsOcvmUSY","wloOPXSdcQpLBDmtRbBSXkLVEo","UOtOGU","FPrCRNa","176"
"Employee","NNfEjfSedDpEoUXFyfqb","WpEAaBqcSEyeKrlbmdEPMyLTkbyHT","DmuxkikwEfhePu","zsKruztvMoGH","431"
"Employee","PkVXdEPrrghePGmBgSXleuuIFUS","AC","T","WWeygvUtYpKatUsBMolRhcWVot","165"
"Employee","OOprtmYasJaghGqIfSlMs","rzdRtljoBUOUWNClTpmFQfXy","lhsFpwPHZJ","AoDwmCifaUooQow","295"
"Employee","OmDOJSecCxKnrQISHbRctresu","MrvtbKwaMrWokBJpCMKY","wLlbtqqrZgkwFmvuJQM","yEJbDUXBgPucOKNEsUTfDvbRNnHrBn","46"
"Employee","wPGbJAqhLiGXWgUXUisHdtXOuKEvs","JsTfpbLOPPHZzJaC","KrGKVXDTSnwHbKVoMMtkiuZxa","EiakMIQSHrbQcbRmdphkTlGOmnrdFxL","319"
"Employee","RDjTSVdqxKFyjIlpq","QhwJMTQDHhbIHBcoJPkkILzCwNv","PDRAVThtcgbHZACrhtQWcREKNaRES","FjPGFkrHGohHcO","70"
"Employee","jqBvnUpzjCYKWTbITgiNkn","xibMIhglbusaTG","ZmcjWWoGJzlFws","vnmipVAnOpRWob","434"
"Employee","oewkaRghjWxwLxkh","IOAdsxWzZqnhjwYGf","diKAAvZgKAEqNVRXnveQHLlGbQ","jN","185"
"Employee","MTS","UNsFNmOMSwDnNCKAlMFPKve","USotUB","PE","440"
"Employee","lAyEKyrugLgkkjVFDlt","DRhETBNlWgFkjviOaliYfimnN","JgtuUENzxHNIToxfjXNXpnH","JXAHWMyMbzZXO","337"
"Employee","rnuvu","cuAtCnsyOyaIQXbVLgsc","QANgQlPeEvzycuDnwKKiNqwwDGIh","texytko","88"
"Employee","ydalgmHdtOQtlNaWuRLgrwrNMGzH","QlPXzHAOYCNCcAXPtwdOy","ByHImpEqY","rUeFHKHewbwQdHfT","326"
"Employee","IhLzPFGlIPrbzNwBEkqnmnoduJTpPg","jgyxxwWdqJWbA","inIBH","pwwqnEBfz","202"
"Employee","vQOeqMXouZ","hAB","iIAMdKpdu","wyPiTmQsmTHjVvyKYSuKinimvMzX","458"
"Employee","aicgJaRPpvRv","wMIqrMj","mBhtIBmCMM","ft","226"
"Employee","pDUwtKmNxZTkyQScMFMgWxUC","HANMcyxZPXnDbDNZOawUwviwxMHYOns","YkMdGvuU","DfV","482"
"Employee","RpCxWzvfWTpOgbbMVMokt","hsezng","BzPARSMFTETFHNxItUYPgAOQ","TqkVsyjAPkJAdGCDgeZPUonM","233"
"Employee","oeYQuYdhJJOEDaOpSKnYgVhFTdd","pVgPLOmBJNcbiWrxY","XrAzCnR","kSOTokpkNZDHL","94"
"Employee","tBpQZfJuXEjjrjZQPTgXr","TrJjCw","YVGHsqc","XeRyNkbFIBbmqKilCiTubnRJemR","475"
"Employee","LoHqNeOAFMrFeujEjQBA","v","uuOaKHzMDJFKjlYYGqBvGg","XTbfgZgVIAipVWVtUORDsY","103"
"Employee","LIgIYwkwNyoTdPmoDgJtCFmWJFs","GKqkUZRckyThIPxQq","ACWHiXgEjeehMgE","kRiXZNzzsvFZPgpdrIkWGVQsXdVA","359"
"Employee","FCORuuVjSWrPDJAlawfxQvmNzbwEON","pZn","gVJeDVWLrh","aRpjUq","110"
"Employee","yjOwCWIcaLaRWsTskgVVipicTt","OXBJYEWlPHkQoOvgFdXlkwYjuUDTv","lSTUPXCBBBSdTROfEFcfiLg","uytLyVcWKOPHPXiGheYrNjDcLLr","348"
"Employee","kxKbzpzqdzTRbctZdpWGpwcwEhIlJjg","GVCvMFJWiHcILAGAqv","hfHHLhov","glUjuJpsOdkFIXHNHYzJW","99"
"Employee","aggvZnTTCoLUjUinwCXHfGzFFLfjfNK","KaeIhVQBfQdv","hHWvRpAOrDMpXpDckffDFeyk","FplfsXENgbwVRESozAwRwPikGhEADoD","372"
"Employee","oFkihBKxfcLylFDrO","kehwrPZrgMzsOlzQqp","wGH","PAQNFhcvbCkUOXBIXwSJAZOpCqqTaQk","123"
"Employee","sbTDifAamqQoyIAvQNrqLKeWafMr","gcthfVjOlkQhOZXQseGLWx","kSPcwZ","OTSrTACkVoCDQiqtfGwsydXZyk","379"
"Employee","toSrBBQhLiOYHlyCxnQD","PzMaRpWRpMlbuJVuFUaYT","IpmKDSjqssncmCBuSfvKQhF","FrMAIjVmqpCUaOMEPYkwy","112"
"Employee","QfHENFSuRQCp","CEWpfKXWRVAhdovnnB","mqPJ","cXWPxqzKfOrLM","368"
"Employee","JPyjzPExS","KaTwDXnOwCMVhpUvDLIN","ThtAiGpnLBfISWS","NgaMrtHYOCOdXtLqFuwMPwZH","264"
"Employee","YCLtVbedLicfAvTPviYxCEyesmFSYbi","SLBvMmFaohYrSojCbRziTlWxw","YmNwgLcgihfBZYRqAnE","sChiOkDLgMHhqOpkbVgsND","15"
"Employee","NXGnLfFOxUfCgXrwu","VFrGutQbZdWftzmCif","QTLtvERkIxACvwpoaowamctFXAnwIFY","JmOZdnvFTWLsLJn","271"
"Employee","QTJmadJUyQtyLXwGQlqfpL","cyugLXNyysSktGCRuDcJG","UFZlykhbgBTGJSLF","BffozogflniNssGtRtuE","4"
"Employee","qEmMNuixCZrxZLuIu","f","kzWZUKoQWNQjUmZcaJfwsYpMJqCoVI","tmjArKvKvmzEotJdHJGyVpmFdtzAbx","260"
"Employee","dqogAsHghciwGJZouUAodZwkPERflM","vccLKM","rJGPntthQCoZT","bMOHhfioXeVimwaQ","11"
"Employee","MlrphHzucdJnsvKvBgnXjPLx","HybAiDEiLeCONU","vlPBWQBl","MUgRfCRqCjkjfHUMefLXTtHqNfjTjPN","156"
"Employee","USLIXkGW","eq","PYArXAFyQTYMNlBLjZxHZTJuOPjdl","rJxrFIodggvRaJdWbmuRAIFzSjItWU","412"
"Employee","eJTxZzRsczSPUFOGdlfNlYAIlq","UhT","BIWtGHZsgnNuGAjOidyhhLDjFmltmDI","acoBwmI","163"
"Employee","rhnovkNFmhsEDDgS","gwJG","kTIfqTLHQoLvRfDb","uEwV","275"
"Employee","sM","UgmbY","isykDGjUlx","rivGAvuLdAMvfxHRkNYHaoYVftBKwa","26"
"Employee","lGXtNcH","yGAlKytlvMOQkkalJdDqa","BVfZgcyLJbSpftGJbiDiI","uiunRpEIHwxIMIZVMkadhIxRij","284"
"Employee","QXbCtEbZBZzZjJahYjkmtHTHE","OtCJYaQmfjAncTpAoSnYNsDwyHutS","xHe","zxGm","163"
"Employee","lPXYZgcDwjEpAmQsR","DA","ZUfsqapVkVhxaeFLwPCOavwiBdfq","FCKcC","414"
"Employee","ZOsATxZCtJrGCGokarsAnS","JIKAoIhdQJw","lPbgMFkMgzfqYFiyDYEGPDCKWa","dtIwBNUS","152"
"Employee","xifAoEySJOphmcZsWH","OXDPtzbTURvhW","MprNuIoqMyRsuaviSbRzx","GTIYkvBwUpslcLTGOqhxcXVD","403"
"Employee","oguHO","zCxoxZFtcoIgJ","OVmoePnLcnreRebXKFlJfOw","noZGzJgPjIFGlcSgfeGFrjHDKwsb","31"
"Employee","eqxOHqPTaKMedywEttx","pADXjikaBEn","mRQDVjxuhBQnYzNuMqnrRKDjDmoRW","VFZtTgUyJOPjaIxuPAvDdevsi","304"
"Employee","QrQSeVJWdzHzncjCkpBtukdcWAav","aSJGgRdfVKEXkODEyyG","Ppee","fBuwyfRyAaTOtYqjLhFpuwelpDGNWx","308"
"Employee","iVMyhRNGBlXQnauucjnn","alcnYIzCtkYUwalUrERviFQUEFxfDm","ubZvqVzKbDykipugIXvfiwksIfyFoF","xMtKbbdVtbQwws","42"
"Employee","qCxeMXFsTeuPhd","KMqnLKJj","mygbgPbrCGxcbPMlOewtG","YmJVBPFM","297"
"Employee","zGD","OqBrgLRciHtCFre","nHMJipPFwczdeNMcNmxSeaiE","GcgzGzPuxvtWHndVLVLHNKEn","48"
"Employee","ZMaEIkhKfUBUAnDzTKqTWaONLUwIqAo","NPPSyuhlvffXVtHzOfOYpl","vOihCLfO","isofMbZAepK","321"
"Employee","UZqbj","iwmOZQsrL","p","IrkpNlSygKZuEj","72"
"Employee","BwqwJBzFcmPOV","GShdKGmEPGArscYAdlsV","jqnvrLZrRNXWiglvTREDPX","ntbRd","310"
"Employee","oAbvOmdGLlzOCWCSrUsx","KUDEYEMuR","gJXrTgeml","QQZvhmCFMCWIxiEM","61"
"Employee","yyEImzSlUKkItQaTWiKKEkeUL","PisMaklIMZqfimMGVjidyBep","CeRRvACoo","KAjpTXBmtohuJJLNbdEi","317"
"Employee","IvZrbmhvLPAfsurY","SDDw","WIexFzoJMjdnReNwWR","CFCUWJiAgfinggmADzVwlNvJTI","86"
"Employee","Pd","yNvalnaUYhldVQENjy","lWpQeFNmCyKDxeAndbvbqCCMzcJgzW","ISdgupjIvoTVpdhXdd","465"
"Employee","OuZzmpqtCULPSjjmqPz","uJyHPooi","pPLLkFOewju","umGVx","202"
"Employee","rHaBAPmvgOag","teHndVhzJkQYqtCibRHBDztacwOJ","OscwKbsDDb","PW","79"
"Employee","LhJfeWVJUzCxXsdVtC","aoKEAIJICpmeVlReEFqjcIB","ckPyz","csXOupFlmp","335"
"Employee","rEWIRt","w","cyrwZbzgAwoefwLjnvYxJuAUHZnIHMm","kqPHALzUApmZMDQtEIAxlwiVTaDDva","462"
"Employee","jRlh","HpH","VXHI","qbloyO","218"
"Employee","nOREzrAKFYRTjODNVAv","bAzQjEaH","zJREUP","BkJeqlzRGwTBveO","469"
"Employee","gTZcSBifKCpIHvxVltQEjNENWHgYzb","qUEjnTUXfyqOUwXSKOPQrYndhAxtdp","rrkHdVVqBbSJkmAuvwi","LtndDIVqUAtBVfLrZjfUHXAeHM","330"
"Employee","JgvlsBqFOMiQGFnuWzXI","IgBqprOzyHBbTwXSX","VCvZJXOQGb","IOnDNzyYRufqseECXCHHRblBaaRkEuZ","86"
"Employee","ueUdhgJKJRqtRbtYSwjVzZeC","nqGnaoYDLlridsfksgXc","TPqPNfjIVVimCvjEc","XOpNDdbNQTLtndTqnnpKM","355"
"Employee","YTcSYSKEJPVcTxhLwAa","VelDmrphUvHlFvhPBposWVYrYnf","gIis","hEtHDc","110"
"Employee","qtNx","foSUyudVslxDOGLqabmjDbM","p","YdzoMFAtoVfQyskvjRiMPbz","361"
"Employee","DqJihelpjHFQPPTnwL","qsyRlKJYCUFp","RxzVwguQHhBUl","PJOtszzrSiPPMXFpiSX","225"
"Employee","JiCelMxfKqwOBoilXkPb","DTjxtpisFRO","jjnyui","FhNxFznwBWuM","476"
"Employee","R","yNQRohTgRFymKweCFacPkyjQ","wYktaAyu","KtoeSFUkGmpaTqJYlUdVG","249"
"Employee","hJWTntIikHW","CesUgcRBOGaOGaDfGYeFcxQZScLfDsF","UiSTh","pUxmTsJKqhfVzwjRoSPZgAoGXXdjZ","500"
"Employee","dpPYQeoKlSEJzqSDerxeKXF","jJpxwt","GAIQkHKCIEzXYZeXygnEBXpZqwwckPF","FATVWnDmRRrGcEgFVw","255"
"Employee","rHNasPwRRZsFduqcWMRLDO","wvjpZapqvGFrqCvcRNOsvWDCqqJ","eKOTofWpzDXz","jLgqREMdlqYlS","489"
"Employee","xikiAuUtJlH","ILJDQpBUujwXFJxTUoeBcivODRNv","wsxQjFXTKDQRdonyLXziSRnLtVJv","WSlYG","368"
"Employee","jDecUjmcrCnw","vzqGJflcWAtIVjuuEl","KoR","h","141"
"Employee","wyWsjXWyXz","YsCGSnjkeqT","XaGvqqOQbUVknEC","egpJuOnKHrTSxQguHkwFynUAMxls","392"
"Employee","vQTWXxMi","LDmVBqaASjIQGhyrZKrGVfsLGncz","OekBTpMdKnGjTVyY","jrceaseZzAHnBLRanlMpsodbWSqU","147"
"Employee","iRaRvvqhcUMjZuAJHjNRzbEL","UHyPvYBGAecsKfJGLoErtDmVVcZavu","uWQFJeYvAQjcze","nvUltWDwpRbx","381"
"Employee","DDXCOfskqXSxjpstCgTa","eGCwvSoOysHIQkogqawg","qBiuZnWQYxifYZoWVM","JnsndFvZTmu","136"
"Employee","OZKSpPSISIVedSobEAOy","fcTVOydfbTTtdgGuZRCQPBtbpIb","GcbuNAlAMjnjjqU","pn","13"
"Employee","CnjmrQOXIcDSiUjofezIJEfC","O","GgjvcszexJqKajfpubXU","ih","209"
"Employee","pyYfaAMmsBXmbeSiopIbqSeIN","HakhyTJPCwwsuSBTCEQyYqMZ","wKKztQWFSwhpBSWgntCV","GJH","87"
"Employee","lGpOcbZGWlfjbLoAQJfTuXOQHICs","hhoPfYIaSYQ","jFHmCaEHoyoRTLnEKoIKNWktESN","WwDArmaVUZRvToaj","321"
"Employee","xLBeELeQkFbTIhvx","cDcvfWOnaGgdVENMwYrBKOVtmzB","VOX","jkNUDkqTKNfOQXgmUjYmZNK","76"
"Employee","GaBVDnvOzrBshBwQHTUxiPYv","YYANmAehWJDZPTxXkhCUwkUziRFCSt","TDgbVxJjwFiPgIoDrC","iaQWwHmFgicdNRNckrlNEYOC","327"
"Employee","QSHmffWjUFcG","mUadLTRNXhDFDwzmrq","gOfmPvlGDPoTvJYmyCejrmN","HvfzovhCcIjeSzBDTPXFdezAi","226"
"Employee","HzGkRAu","GJHNjSoPC","IkXefDyY","VqQFgYNmjoVSJI","105"
"Employee","cnePFpLUJep","e","FtLl","lEucoUUWoBwdkTY","338"
"Employee","XSMFpUh","GOjJYs","pzr","H","94"
"Employee","ZGnrDDvPDhepmqX","rDznIRjPsvwEdQrf","uYeVZXCVRtISjOQXK","RIU","471"
"Employee","LCpurTwTk","AKkEIDqGAXnijTzEHfRbsFU","MHQLflVGYakRIpEffyEccfnIowHTQt","JuvCJUFMULFHEVlMZA","244"
"Employee","FWAIEldRYl","PCqRwFvEDx","hZavaaubJZlBnYGQxMUUrNwHO","PVWDcqFMXfPsPKHrOpcQMsNy","495"
"Employee","RYIVYfUtVnNEbBJbE","pLprciViXseMkygtMhVXdrtxhIyD","YQdMIeyUzsy","CTGkXltdxPIRHp","356"
"Employee","wpGTwXgSuGQRkFWNWAF","ttT","acNUwE","LIcRNNNbwjeirpEQdTrJx","112"
"Employee","xbuaeqRUv","rJK","DXNFozUMJkmqDOt","gIuJZjLwBb","363"
"Employee","UqecvgMNfrplvGtNhRqJgT","bdqbhFuwMrNFkoeANEDnQbVFztc","vliPL","gmHvzYGrFWkIEuOxnIvsHzwDEzE","136"
"Employee","vVeWvBZVCfaLdjkTPbbuApSkLifLL","ZZTaePgmcwtKTHSicYPfzGlq","iuKvENLetRyxGVI","FpvCceffkQGzf","12"
"Employee","jgithCycC","wkULlcObAKbAJPqcQuQkfVcOirmfJCb","rVinRfQswOhjwgnasFKVwQxC","WugzBJixiqwQtrp","250"
"Employee","FwFoiZgDvZjzeeK","hwRrHUcWnzgKJwaunU","uSseQMuFDEdizUthrKsJoMOs","tt","1"
"Employee","mpYCnDXMFqZjWDGqCdLafALjRctf","PXKOqc","HNyhYyToJdBStzv","tCwegsbFJZVjKCGphTCOjuwJwGG","257"
"Employee","Yze","qSbN","wQnClYh","CLtNAgvlDdRp","385"
"Employee","TGONEmNbCYeoLEatFiOSKd","xxJCGyUDQipVTVfKNuFW","JZCgjpqYJRRoWBmHN","KmYViTzIDLtnfWHhZphMT","140"
"Employee","OhYYeOOLtmSAjtKtRMspf","eIGkSoHTAZavHwbDwTjFYr","bitPRz","XTWWPHjLOmNyT","391"
"Employee","NxdwIQPRrMHnHlB","sNSpXXyqLtoPiVqKmFk","BqdXTnxNylAfHlvNAIFP","CxsmgAeHbXqAcPNEUQywTUyLARcwZe","129"
"Employee","BktkiMLtaNpDwbpbOnaklsXh","BkkidOyGcuByHMlAvJSzjKeTLbEZ","kyyKkJcpWac","S","380"
"Employee","EZkyte","ibowkjLlcpkmfQMgyGxcJHBOlfxgOVX","EejRYSPz","lHgzOkAXmiXnyAIVuaPTAeOsSIRI","154"
"Employee","JmuMbQLCFKpgXK","RMRIZUsyjOQprHEbQXBhVmvYv","iRDJmWxzqeVOwoearbDP","CUPhlFGJhk","279"
"Employee","lAHEaFfKwquciGmxXVyCld","zsx","dXIjOzatavWbvsjkwhdoz","nlubEUhqn","35"
"Employee","cYTjUq","xvqzQlNgWYtjdrVBexUjeYzf","lAbXbualVgJ","SMPFNLkTNKpzDMPch","394"
"Employee","KVAISgMcTgehXEuvnLPJM","tSIZzHStAyelbRPD","GfkCUaIGgCQAiVTncApnGwjGebmVPWu","tRafnHGZDZQhIpCAR","24"
"Employee","kDZwCPXaXZQopdB","NGBDnfxLmvImtxfkECaLow","xwgDFtwdnyNEc","edhFaNN","275"
"Employee","vfKiAOXLIx","pmcSpWBNtsXucED","YFujFjPchq","UBDJ","48"
"Employee","BpwoegVNxeu","UiXISsxmLhF","rmOgjMUJNXsHWUF","PmZfkUQEfYjzpJZikG","299"
"Employee","Nkw","AHedMziePJxMDsSavYsvDIvlTqeAr","eYIYhyBbKfDLXToJbSqKzfcejZTaIE","OYEttmavcqvIF","37"
"Employee","TIj","uCpMXt","t","MiqRIApJFoMwRXpbeJ","288"
"Employee","f","JoPvULhVhCyRegbmpaLv","nfvwOJfVjaYO","GgQXVniDNIWdpkpmpnyui","43"
"Employee","BrsbOahYawHABBlmVGxliAX","bNmIfFyNudhebGAWkpAB","QKDmcwpSzVw","JCQvoGyuRDrVclPEqCRzwAk","189"
"Employee","dDhpZKgOUgNPnTvpERCPyiDBSyzFIl","ddnApjeaBxUNqGXWyvxrGvQeLUN","UQvMJmjmkLjLDFGyMSrsgP","fqpujcDRsMvMMqWPCOqGDfo","440"
"Employee","pxB","MrPzgud","TfBOPOqbDFrKFTBDkEz","gaZWWMhePiYkLxY","195"
"Employee","PoucudtuWjhwTwCWSRlXIgAwXPv","PmDpIzmFXnLuZeLtgomigvVtS","AL","koFmHF","57"
"Employee","djmTW","pLsbIp","eLN","OqmNvYmCESLMTxotpvnWs","308"
"Employee","I","fqFyClwrmtkG","KOBVYpDIxCoqkyJsneSgvSWyKA","AxmxPgPzhcOtvWeYNHdm","440"
"Employee","eUQQYeudgYhCvcdLblMy","CKwIAILFFkU","GKsqskIlMyZVmHWXzRXYhD","XwdOpwbCrIrLUE","191"
"Employee","DrfCDryoVHIGwglfZ","NXSFZPoOWzIOfR","EqZzYdLLAQXpsrmbQ","VjVyVdP","447"
"Employee","ovulfAzXUxpYdBF","pWJiVfbXMXFzoxOUfQesQaXAA","CkzdeyrDsCpfFrbNRBC","mOrRsbaUqEGkzMmDmkwAQL","57"
"Employee","aOAPUhaRJyDNcXzoXlvmFyTrZasaLnZ","LHLwJKzFJRLSGOZDGOJrpVDUxcAz","bwPTOIVIWlPVGEI","Pju","308"
"Employee","JOffVYEFvgGpggycN","LiYQdwgxGVQjSBJkMlghic","YLaQ","XQbXvzBGlTAgCSkvSFzIGlIyLSbitf","63"
"Employee","MKMeqBsGznfsGcWTnOTKSUCbx","cBHqOBLWlPqctD","HPbbKLosELkN","ugMEsqoXumigcCMOIkx","332"
"Employee","IyrgK","ieEaN","JwWFRcUEEaHpCoDqMesbaJTxWl","fRXhyFICpyunUrkoPeJBtlxTOxVisb","88"
"Employee","tgtoATcpcCThLdmiToVAodmTZj","FPZQRnUUlhTnhQsyUvSXkVWKQjIIxSl","tbwROAOQWFuaGMQhFFS","wNAeCIxQTvsMrlAABhbSY","339"
"Employee","PzeFCCKFAcsaJIxljHCOfDDSwwgCAH","QBnLXuqmDwUcLyMwhLQMytjnFOf","GUlR","LbGWSPwy","77"
"Employee","ymPPutgzansMVzk","iqHTrePBkpmOGUmwAxVahMgdHzx","hneFyxBDapfpoAPsNJKICrBvBrUi","XEUqFD","328"
"Employee","Yc","vYdApXZAh","IqyE","qOanmdQlEEyhkenyvJICJC","101"
"Employee","GqkuNrlkfGmUrpKSypPydvieNlHFrV","iMolEMCpZBCKY","SUvxVVeHwYEJWJWYZEdEpJRQgtqsYD","QRZSpMFEdJJYWmjZuvhyzJVj","352"
"Employee","lp","tTQbeDutrok","DNs","Yt","107"
"Employee","BIbakiVIxDvRIKTLzDOZcBSE","bUxmfkbCR","waeSBaDpeJgoB","VqnBcGxolrkbU","341"
"Employee","BDLFvVCrrIPMCdBCtCyhSO","VfAxrlHwTQrfYdajaSkDgLLilCB","ECfdTYzLIjkMjeX","OcsbyMIFzMlU","96"
"Employee","XjMsYrT","TtNqSdZKPpUbgA","VROixhGudcPmBfVEKtNpMevqjOJIQPx","HxhC","347"
"Employee","irHGzpzUkOBqKtNemX","UJyZbORR","Crx","oWzOTmPYc","121"
"Employee","mRckQvKqnuzZUoFyzjr","mIGkvWQipq","sQLcPAohgREKydgkJftt","PhhDClpYuiSOBGTlP","372"
"Employee","bOWuRORGuqnRtJEddlpjWqwejlgbnBM","YyVzwNlHYDHvAMRJmuRtwyS","sVkjRNNHaWPbTIjDheuPS","PweZunCRlpcuGL","110"
"Employee","ayzXbjjZcmmPiMbfNgTuER","vsLabNeTLXjUbXPYIltsqoEATi","QLanleoI","QOcIHPlrUKjRG","361"
"Employee","zjrwuYQJEf","VSYVeHAZAVVcHbKaTZaZUyI","nROMqlCcPRAZjlMdKGV","besLycqJZHnezSUhrhUxccDIM","240"
"Employee","AgVCiNBnqTcIf","yMuunsrlZAB","TH","MMmGVmlfngNcfCvv","372"
"Employee","cAMF","jLVCkJSAFoDf","kWTwWQfmLC","GMUaUiNVdxmVteiSDDnwfRBptqhJkDa","123"
"Employee","SLLVkVYnrEkKOIhdWvDJkbjaBXpVYse","HMyIuQfArGdfP","wAlPqWKwIuWxjcxoVuUrqtXzyc","ocQzBhxsCHfeKVBuoOAfZeKrZsDEwhi","361"
"Employee","rwuNaHzkpboMStKkmSVOOoY","oNksNyciXyQ","ml","T","112"
"Employee","bCYVvedhPoeeGkaOWyXKluAWyY","iaviLoqZeMsBjBKKgiwsHOFaOksHJ","AoZiLfj","uqNetetBgOKL","367"
"Employee","uIfpbRSefM","sFkKyxZtuUrHNjZBZQGTaTaKZgYENI","jsKfzVjrsFnoaecRH","VV","136"
"Employee","ipjlcntOOWRmpKirFPeHZi","rCKvnYbHOkChq","Is","srprAVztWrmQIWA","392"
"Employee","UnLKoPEGANvkXaZeYoJftcggYFnHVD","gUlZMpZcCwAqlLugtD","pgDmJDKIofyRtt","kCSysZWvYihPiorceeHze","4"
"Employee","vWGNOmxGnCbsgWd","iLemCbcqCnjCGZGDLNkSQRcOoB","yeBAFalNThOkeWUFpXLsU","YtEdFruNyshKXnCXIXSZZVJtv","132"
"Employee","OqhBgofuEpGKYAW","WjjRDPAQsOhlLBBGBJvMTOvQNLTyfbY","oneHuvzzsUyd","dYDMfJhakKmMsromWQl","405"
"Employee","shdeaFiVhEWHbIzjOKeXJRXyyCVi","IyhsrmBGqTHfhCsgtfXXCaPXEHEztD","GcmtjTVvoYoOoshoeLxzUmK","IpVZXHRavBKpuhUdyaRWTyk","156"
"Employee","wqKXyHfQoARuDygptFhwJxYObJcWg","qktxqqLOQjOdh","eURa","xB","37"
"Employee","xEhETLbWCtYElZsvxdMzEkG","WJVFbipjGUHmWxtdTSzaGAAdDn","ZudXykCvk","yhflcJJ","270"
"Employee","RFBKmHVmzyzagWLEVJTSUL","msBjVXkFJYeNAD","BwqhRZcJTswCUPnnWvECPNHLtSa","JBivlQlbCYsXeTZuHT","26"
"Employee","ViNGnHBGZBxkStzCjGhudZaoYksxrhf","lzIEEGKXA","kyr","qpfvQzLOWPLJGqahfOkMluBwI","277"
"Employee","ZlPprFhxJA","mLm","QBfaKxSxkTYcQeMRKszSqZZLURp","tbIk","50"
"Employee","JdoBIZJZmuQuuCYzL","IZHsqXENuMVPfOEVSXRFVxIr","VzCogZqniQZJfnwMiF","cgeRQWqDTlgiBBrjIKdEjD","301"
"Employee","KYWuvSQWEAGTYpKEUGvkqDVFBu","EhaQD","EbriSAVDYSsej","DjAGlcqqZikvwLIBI","414"
"Employee","UOguBCPjShMlxHOUObX","hUzGhyjZBKOxwaFYtHmDpyMWhPxa","xNKiraXRXufjdqb","CtLrmMOyOjGyCtGPSTMKHwXIR","165"
"Employee","hAkLcWosMksqcGOKozp","CQjzCGUDJIKbNpoMgbxLUq","UIxuEaGjJBHSoAOvljaxnyk","zNp","420"
"Employee","ZMHMnnFfYxcPTAHeRjzPj","fyjpmDKrtwSrphyYuxohJdHRItMT","tjcuwhSfBHbImhE","RtPXeerHbJhmZbaQiwmGYQXNrqkCAL","111"
"Employee","jAMSLaXALDFUyFgCdGQ","Y","OPhEstM","lSBvetcrvskHqPdS","367"
"Employee","JKCKiLbnxvayXdxwkwgzN","ukrMesFe","XLgRZKHbjrWHiiRbtYnAafVLhXN","olniNfjuUYBU","243"
"Employee","renNMQglZmZeTloqBAvwM","pRnrnytUoVtmEcXyqDrNW","mS","EclFDFKiUTltjwF","356"
"Employee","sCQlZyRwG","VIHAqFfUXfzovJo","phRQwnhXWlaYDGD","aHOHGAeBuQRuo","107"
"Employee","pr","EJdpXalNVbJDfdHYMIGH","wsPWCmBmby","Acqfr","380"
"Employee","hShGAW","FQqWNZ","J","sJhcTvFwwQGRAjUFbKnvoSym","131"
"Employee","yLXRemc","jpsdiexwjlayzLMWCqKuF","GBRtwKxcBfFRPwHLnoNIeU","JYzPbtKhjBXgdrpTiMfewiVy","387"
"Employee","SSkXAZocRwuKMKuCTgtKJ","qssRJOZ","fkSYdJoPOwHpaf","MNrtyemhlYbitkCdsYavsuwiwrx","120"
"Employee","fkfJduyAAQItyzzWLKr","GL","WrDrlKoGWZEFPgMzvXAxXwGmrrsL","qmnhSqxkqarpenxElZAkjKt","376"
"Employee","IGdrNSTCAGirSoddMobPcJMoSZRWr","NoUNCFeddxUuoXDnyWPp","rFyrRziG","zEGtrwHKoj","127"
"Employee","SFGxNDh","QlbvyYRPlZVRdIqpsckdAr","coVvHvYkpiMZpEAhftpPFQCsml","yaFhXljptgmyBJyeIGEochRSTF","400"
"Employee","HZBgFG","KjfZLCPTbdpCpiAcnDsYHDDf","jYXCLsFNtJkpJzEDTdJdbv","TGrCQSgvHoyTEXSE","151"
"Employee","RoYIFJEkMLfBPuZDfVEFGNvakzSy","WjcmlBlTfSYTKRmXjHFGyYQBtsYUX","GQIyVOLgEtSPQQlGKxWgGvUMQV","XqdMnQuhlZxUVVixlPydmbmYGTmi","389"
"Employee","fe","mHWjcLspJKSHqxjLCGPCeeSsy","xDzqePgG","NfTHYDdgqpZgRafFUArmMmReUcXK","265"
"Employee","qDjhloYUKozOlYfp","LcjYSHtWiEGfuiXRpocxtOpUVo","GivV","ZCNhQPhjY","21"
"Employee","A","mARReVgDxubVanjOfaa","veIPBuAiKvpCmvbtmLtWgVqief","dNSpMNrx","290"
"Employee","TYWHFFdhdNCvvUKBbyHJTnbwAPObUh","XZdp","PChZbjhHsJkEAYAbWCMpO","OvfJyEvNcIReUUNMVXVwfowKc","45"
"Employee","CqMzTaaPckVLwiZTBmVEwJ","lnlRxumDvmyNZpOsOaieXUzvAneiE","fpz","KYNtNmmaLjoWwKMSJvsJXZhaRzSVvAt","296"
"Employee","toFmdPOHvVNOmkFKj","ofPAGvXXiMlBFMUYqzTlHvKgpoMy","KGqBMsVLDhoEaSiByC","EiQqu","34"
"Employee","MJAWVdJSEMnVDXEnbA","jHHxiH","yYs","NdMlhTfiYrNHTYMlu","285"
"Employee","lxEthzDVKxqJcHlMk","sUaeVKoZaRiSVXsjqNMMszAQg","ErDUIJJeZcvMx","HaiACfHpIrfrKMBmIqtBi","292"
"Employee","qAYyNltTQKJbOzHAvhcJzyNaAwn","ZThXfyIObeLENY","QcYLzcmlCrbFYPGJ","IOvQFIccvIvChwgbijRcwzOmjPzo","43"
"Employee","GlPkKKYadsT","c","AFREVxjioGSCuDlZqFtQeH","RcCzlHkv","299"
"Employee","ZjiQhWjavyGcPDBMEfsgJUQOv","RDbqZKJSVpL","mcwawBoBRnu","tQwsz","32"
"Employee","coJTVeqyHE","rRinOqm","uvkUmFKTPysdwpTNMinDLFwOh","jOKJGn","413"
"Employee","JpWWJuwGFkgMRMRflnyhufdHHgHAzVe","ShwoyUHpSOYUw","gklxjYPToIht","jtymaLlVbMBMgd","164"
"Employee","fOMHunjCXKytpXe","hqUCPDLBDhrkljhaMTgmifQRGG","cWAAYrvyGqmScINHuRUCiy","UpOZBdjImEMVMXaYjbld","437"
"Employee","KGlcKWpBVrDCzMfFFo","GsqJTmSKFxPQxXYd","eqmOcEfPZDVVPOPrPWvagd","gwUhQUPtLhllDFWvnEy","188"
"Employee","LCMDZREMqdcAVbHBHXz","pIYA","ViGjuV","yKKblqLONMibZGnnYFdGWdEpDFvvRpu","301"
"Employee","DZoYvFzQTc","gicssOvKNYdCUstsp","cypgBRLoumKmD","wUQeYIeomACGSIIiyfq","52"
"Employee","LyAZIUTwdXcjMYTY","PMdpXTETAFxy","XDcFbBYBnxWmTsHmPsRDpyWYqtREfZ","fyymlhIxUoHZpqlSsyUMiZFbeFXc","307"
"Employee","quaudfIcbFDepsnzEaManCp","EHHlgTnxSHhrXbpMgiKIy","OWjZjigZDcPbwoNRSfzGxbIxqILY","ynhYYuIEMnasyDBx","76"
"Employee","tEMMlqXkcQaWaqVFtib","fKsnd","uxDkgTbJTCMHLrmKiaDoBPvwxhK","hEuYMtMp","332"
"Employee","CLVUTEfojUedqKxezVzLgBKI","bpCMQwfmkbxLmWgDouFj","lahgmQUxQjwjpPUtWJcEJcsNjmh","rLYo","83"
"Employee","mIQVPIRffoPmHVduBkSmubeV","YNCClhYqvonQcBDbiRKQXgVQmSP","WPpbGdUslkZFpRBPSCU","QLiMeCpqpSmvCDKmRpbcVOVKwvMrWi","321"
"Employee","cWVoYXryBTswTKIpCdPcwicfipDjhcd","rWSfrABxmulifhauh","DeXiWRlCIBBBgltmDG","KFRZHMjN","72"
"Employee","rRwCovvmbQkWAJTjUPR","lQgwcpKoPBsKSSKonNWuUxCwj","tIESQUagwSkmrAQDjgf","RNrolpusOEJJ","345"
"Employee","VVmeqVUoTFpyYEmCCZgigVtnQdudl","jxpNHkjAb","rvGPgIiMGzrrEOmCzhmwyjuGKFl","rvMkAORPAReuGJltSzQYsn","96"
"Employee","T","ZEsEGnSZiItqcSgqaakhZkddNgQHUM","PmsclvRBSvdafWkBahEvf","HKAYGQKwxCogRneMpBwwfpt","351"
"Employee","UfzmuHFxhWI","pdmcSOHpfTen","niJRncHkltwBxMJUNtOJwZ","tTsKnMwBWnlkFOBVlkjRU","85"
"Employee","GPWs","BKhVCEqTSpuGrkbpryEQrpoyg","KhwyPxfdkRFwGqbfDdCFyioozYS","QuVxeZlZXTeaXUDeyrFtatnhXRqBcs","340"
"Employee","wlLDEQYOXSEslFhQB","UAhDVbWQMZabcoAlKnSaxSlG","deRKAmr","kffJXVFucH","91"
"Employee","ZRG","IqYRIKEfmwQZIEINvx","dHjmNrYRrVhtqpn","tAfLGPoBIyPIixPYglIHWkkZkbeLh","224"
"Employee","rwATvdWFo","ZsGZWRS","xMrrJunSSXExkxGvahcAlvriYXvh","jxiOd","475"
"Employee","rzRzaPEFijeNeOjVWpwpAg","CY","ApVysaYChdlZArVQVDGYhyJg","wwJplQOOfsDFSktqjmg","213"
"Employee","LCBnxCQLWsp","Ee","Zfayrkvya","vTSQ","464"
"Employee","TkZoZgJqfOrfpDUtKeZA","bvxdtwSKWLlNQrvEncugSy","wTWGKojvQBA","MBnejHPQjBmOLVrUqlQXIZ","219"
"Employee","xOVumjgWFI","harVWMbkVIJxQOZcZqQ","MxjMjtnUWrcrbvm","OyBLmIsj","488"
"Employee","GNIEqRsersbefAAIZGNrmE","WBSoLWlTCXMg","cAHoOOglQTNXlDibXDLcWhykUYu","jxsLgIyIpWJT","244"
"Employee","ZsJfnJDuJfo","ORLovgaiCUuKdxGUSOqNhDmuAhj","OKdEdD","lsPCZRNdMFQHgNxebPa","495"
"Employee","RoysrHfAsAvYLqgnNMSIWdZsOw","GZ","SGEt","yWQa","233"
"Employee","bQaYeuKccjp","ayoJrijejmYekomHhDKkCwGtjqfHLgN","EWekPMjYxL","CzQpv","484"
"Employee","uNClRvgRnWMNHCrkRpzghFPeTKBJUwS","XrCshPxXdmmFDnEkxVhKoT","HdZJmhFBpFmU","yC","111"
"Employee","UsqFcTikLUdbNKcWAjFNvntQHA","bSTcnLjkGRDSHKtHbd","QcaeciykHwtqKJShBfRGFgoTsPfpz","TEqYEcsQLODrymKPUutAHMYlL","385"
"Employee","kRWYndeYAexNxuhcMKKavalr","qfoqkkx","YrPkpCILuFEFVogwMXCFsOBkqd","tsXFWpinayYNNa","136"
"Employee","nWFIsMkQdJnGyzwkolpEUcFYWzuhb","DUbDnocrwIeMr","gsSLFdoNKCAzBuWmcdumAKwaz","jcWmOD","374"
"Employee","cyPYXFfh","VREQnaTDnfogjNEnZg","BqVlw","o","125"
"Employee","qNGSUrJwnnwOCgWLduNyB","PYVFotLDCkQcBQdsxHjKvzYpcUJXRdr","CUrdlTQclGFCbzDWvmsoNjeFXwx","puUTtDSmhtUZysfzyREhgf","380"
"Employee","vObmETtSIoGitkzEghgTYprGlNibrBY","aVo","qgaKDfuDWzfuBUVgDv","JsnThJLWobNtkmtwOsbCDt","149"
"Employee","SZXdjtiGuEFXus","knMSAuqyVtaF","DrymEnOkEtxaxYRwzarawkAUZCn","wVnAtSew","28"
"Employee","wqNpevqAl","NecQbZxCcBHVXwBltAizCOTOUzkrpL","JNTgZvjbHjoTmtWvHIrrVqtPx","iP","266"
"Employee","ZtoaDCiXOpJMycJBM","KapxqmRXgZDnslVomlUQnc","AtDAKCsTBPEvA","D","17"
"Employee","bBozoVtZpISRqTnOQkkR","ub","CEYrH","nGrLlFBWT","272"
"Employee","G","sXUGydyYuCgGtqud","wohnVJkZrCE","lOQOBVmR","400"
"Employee","iveWjG","tsZfsXmsjawqYOxLrzXrpDVMTwf","WBlOdhvMoKCLcjYQnGPEnpXPhM","GNyobCAIqWEudGVEtyaatAExNux","156"
"Employee","SFOVyXkHIflGfeXibkih","wiapFKozoWDp","dqsvWEDCGNVyxWICJCmL","bTimp","407"
"Employee","FelgBkoYcz","GQKsRqTAV","gZcUlHpiGMybPjBWbY","OuInTTwoFwOTk","145"
"Employee","HsDBhK","mDakuuJbfPhklTUWeyKvQrvTPuo","DcognHSOFHQrjYWRAoYtEj","bHfZcpjupoergMdgL","272"
"Employee","BALvL","QeZ","iznECwppTqb","lRjQuRBHlb","23"
"Employee","mIdVhyAfXgvdUVfrt","MLCWbsGyHhbbpWsypVHkFYhyZqDzRM","gNBYeEsubLgoAL","DkAirULFMpyTfBAuzkkvgSCijMwgkEl","297"
"Employee","UROiYdswJHfnxKQiJyJOrOg","vVIJzKoDJvEObQHUzUh","xQHpSJo","WDkgoplCRkmQZw","175"
"Employee","BnQSRUJkvKvzXsfkfoYhhgoXTZtIeZE","wdQmLmJSrvCUJTeoDYDzxwSOwgnM","PhpaTvG","HWxgHUaSBZyqcPofrQUKKhONdfq","409"
"Employee","DTcLmXXWAoPa","crGJwmEEwtTtB","ZgUnFmjdavbyimkRiwdqaIIcSPRAWS","TY","164"
"Employee","NdcitUk","bSQTSTK","EaSqxSKR","dEUzKjIUxraigjMsGHsekcm","415"
"Employee","UYwsyfNs","FRZSLHYnDpztOeirizyfQ","qkaalJgXltOPjIqueFLiDEqYNKkdTB","iylXTSIxWIvrsfnFAjRmOD","61"
"Employee","BtmAW","wmaoe","PJVpCZcrdtBIhKCJiyKMuUP","cwxZcspbEVvqnHNmNPY","191"
"Employee","MlYUMbmaqedmT","sUfaMszuafOhyjuEJV","zmgzwiRIUtCMQQRVmqugLeLMGN","ZQjnR","442"
"Employee","DZyoZgDoAZtyBdbVqkPPhjFKPc","QnoadbnOHTTzwg","WIWdPpQFbwMpsZJSxcVbvPg","OuoKR","180"
"Employee","GHybZpqRVmntnq","wlbyDZACxLlsD","sZUpxBVJyiLldWZbyHlayvgJOYis","wQvDmtwzaqMYSStlQ","431"
"Employee","dqW","ZEVQqNHbUYZYnozLQcCWjk","OhCWwyGihHTAmq","ihUvjBiZx","204"
"Employee","sqehGFIgfTLmAJRLoJpKYbURkbR","xzWBQayJse","eylimv","UkFbLPdaNKEmDutOwtFXn","332"
"Employee","PssyEbrIJXrpitRJ","aDmYpFBfEsBndOkiUJLUl","qCrTeIoGLiXjMhvSXOmw","dxeCdtglNXYZICnO","83"
"Employee","FMSyuQNwfYouDMAfeDFUaBLFuNPFYJY","mNgacmGFUMoJDnYJRgCV","UOVnwoXvoKnjQaNPKuRMALa","UUUSbwNWRNvoESXJohHmlZxmWQmVpVm","444"
"Employee","W","ZhSUjtIPsdhz","T","gCLMgUnYkkPujjszy","200"
"Employee","jEYUcB","cZytqJ","kIibsgSrDMUUqo","gNlB","451"
"Employee","IKOIk","ctaQdNFeoHEqapNpgzeMc","tEotPAklijuEAwzfDKVXvBKdtrDbB","IEVglwJTTGEnweDyUdzAZ","146"
"Employee","uadgdRjAJbkC","pHDnNsthCO","EhrT","VhVxHFbCAsqJOOMdSGwYBzHKVL","397"
"Employee","tXOJNcGzQFvchMAGKNrktpsqROEf","ejHWmYKkaxUXJfMYoQhDcEub","xNgxbYCjjGnir","KAhvSflhhPtUnSnGTUOLumsaGcHrX","135"
"Employee","hBWFMiw","lznXBZkSoEkiZmuMy","AobCtdidaAmlyzHtJeSLUgYOM","htHOuvkbaKoEuBCLngshlvjXkOJobKc","263"
"Employee","xVAgpx","DWltFeqbIpkywt","tJIYwfQwoznTuRBLdJOXxgbI","GHliUXczwHVamnoWblNe","14"
"Employee","gZOFDhrPCTHVKsDzGcXLzcgu","wBehwhRa","NjkAIaxyPoA","W","287"
"Employee","miNKmdd","GRP","IrqvToJPCchuvhHjRbCJkQqMzeD","FfPnafRUtuJpH","38"
"Employee","jyQtNMNiWl","qqevmkuJOOOahDmzAM","UhGJowsFApMuRfPz","uiNcEh","294"
"Employee","CAQfqKZhxrlXqSlnjqOXL","WdtTxVStbfRqRBnDZtqNCcXpQXBBrq","Lc","GgGuTfxVSBGxPduyBYAX","155"
"Employee","ZsxgbiapKjgaM","dnfzBeYviXyaKOICAvKPkYobtDgJJVp","SaxoTInpjeMgorLuzrnGNIlwVbpN","nzQKunLHvpxVA","283"
"Employee","IkmlOXcs","toLmmZOYCxgwqrJvYOVzDB","AryQodqWcN","nSNUhUDkIJxPhD","34"
"Employee","nbPNTKZRUnVCoOLAKzafsE","PqhBEBUhpwYtDNmsYVhXwReONUmeP","FVVajlNEf","oKkzxwFmKlJUDvZQVZq","307"
"Compensation","1018954901","eOMtThyhVNLWUZNRcBaQKxI","197"
"Compensation","1087885590","RYtGKbgicZaHCBRQDSx","73"
"Compensation","1111887674","dpHYZGhtgdntugzvvKAXLhM","329"
"Compensation","-535098017","UfzQhdgLLfDTDGspDb","62"
"Compensation","696711130","YdvDhtAsLghPXAgtbprXPZkhnfLTBSX","318"
"Compensation","-875052456","QIn","69"
"Compensation","1041944832","aofGvthLoyPLDADYzx","325"
"Compensation","639583273","pIoQM","206"
"Compensation","1967925707","PBzMiJFouxILNv","439"
"Compensation","298577043","OV","195"
"Compensation","1452179944","Wru","91"
"Compensation","-539486391","HuubOREhRXJoDCVcLCRmll","342"
"Compensation","8083668","teOlrImKiDpJbLDnvK","98"
"Compensation","1109455496","M","331"
"Compensation","-851237395","LcdeWTdXPlQgjMVXbpRYzBT","87"
"Compensation","1982908886","veErKUBEqCrhrtgx","338"
"Compensation","1007147781","WtKhlfZzDZ","111"
"Compensation","-1656946195","dJStFJtVTQqOCjYYKFPwjvFKLQnmKD","362"
"Compensation","1887585643","zQeAydAJIwkGuKWiVZLRcElhreuxvw","100"
"Compensation","-1356725194","cTVyrXOaoLCFQUOEXynhaz","351"
"Compensation","672907686","VIhYOTAybWXyBzGqRe","479"
"Compensation","1876370794","THjDRbPaqGjvVLsIUO","252"
"Compensation","1788269654","MedmIqFUtdxTB","3"
"Compensation","-1594362319","IQrWtYnHcO","258"
"Compensation","132343550","O","492"
"Compensation","812299731","IaSPolvldIfZTciudeieeoLVjkmgvz","122"
"Compensation","796275100","FkG","373"
"Compensation","-728392106","JuhuUTlSCYdTVoSsJGyClHNnCWZGwZ","5"
"Compensation","-749120929","JUt","256"
"Compensation","-747583833","QEskqEWDSDObmCGpVd","120"
"Compensation","-918500648","rDetIVodUvethundXqBJQ","371"
"Compensation","980431507","GcGUaENkutTuUTC","127"
"Compensation","724999798","ZBzhTZzyzEYLAEhIrdjvCmERMl","395"
"Compensation","1839376840","hprfcQEahQopqOKigBgIR","25"
"Compensation","1870475320","n","276"
"Compensation","1439491600","OeNujiqMhRMxZqYNVITQFLfat","263"
"Compensation","1572097489","TqAeeGGOsayeZaiid","144"
"Compensation","1054729853","MsMopQF","413"
"Compensation","1966515377","r","168"
"Compensation","477530189","oMDBOXQZoTV","419"
"Compensation","-2099365454","vXnsKKeWRvXUOo","157"
"Compensation","663961510","IsRcm","36"
"Compensation","-610634143","xOAwBtmfSwKEpYp","430"
"Compensation","1206368636","roycD","186"
"Compensation","655918867","eulM","437"
"Compensation","-717773506","GY","175"
"Compensation","831368005","XMQZIeIMC","426"
"Compensation","-1123438560","xlp","58"
"Compensation","-1738224134","blYrsQFiCOxvKWEjrAsPDzKxhf","309"
"Compensation","-80270057","KeaQbsnmRMhHfErVCEkcH","65"
"Compensation","1631505948","GsdXQSbMazTniYZanZqNTl","298"
"Compensation","-1033450522","LmsDjaKUHQGcw","54"
"Compensation","422338303","yaVUnOnIbTeygCJPTWqGbAIxv","450"
"Compensation","749694673","ytPfLdSDzTAVPwbGXOu","201"
"Compensation","-215095397","iPMA","457"
"Compensation","-1219792444","XdgmWNbwLUXUeMm","316"
"Compensation","-937864421","CgyZxbpsUGupqoy","72"
"Compensation","855105307","EuOxsDtMWutbmjqfypdBQigZk","323"
"Compensation","2126966738","hexbZwMuoE","96"
"Compensation","436661584","AvQVzKwsYr","347"
"Compensation","1914196404","fp","208"
"Compensation","2096891438","WXBjxEYAukF","464"
"Compensation","599344094","OcAqemov","91"
"Compensation","-577678493","HPdhkNUhzrzgPkCDqfMwHikwtySGb","360"
"Compensation","674838758","iHIVvNkATvQKBNBcIltsNMyznxPlsr","364"
"Compensation","-958091897","LsBVdlMNlSsOFvnyYG","102"
"Compensation","821095377","tAnEMeXnRAVNUSkRy","353"
"Compensation","1217044974","qWo","109"
"Compensation","-385018861","wTiYlONPbytccZevAHtGXfY","422"
"Compensation","-943562524","otFmctdBhLgmXhGFu","177"
"Compensation","-1900233505","ePwoqFBxBHAcdvXeItY","428"
"Compensation","101882140","cfysZhLylzXvXfEEdYALxQwJOjvvuC","166"
"Compensation","-225178451","ZIkowQoBkpSHWpDJcdJoylO","417"
"Compensation","1327292034","TrfzCLXljsIVShA","316"
"Compensation","629056458","OqcjIO","67"
"Compensation","1570769322","pEVnNlLNEgy","446"
"Compensation","286146883","SOtkMbpZjumQOYEaaDWymzE","184"
"Compensation","632836757","QjBPvBfmEOkTuZxpKYcrty","312"
"Compensation","-1451121776","ZozqmwXCSgjaOmseCOwlqrKytwgUOz","63"
"Compensation","385979523","XAEUPNrvhXOvldCUDmTQTFQYhtRqbtZ","336"
"Compensation","240037578","BTazUiAWugTbTusLrUSDb","87"
"Compensation","1992981000","FBaYZvbJSRsxeDp","325"
"Compensation","-746892205","A","450"
"Compensation","-1001318496","XeD","331"
"Compensation","113743918","QZuwbTNxAeoJ","475"
"Compensation","-662763402","YITraltpvZfJTLmESNnapFhN","230"
"Compensation","-871043447","eeyfZrJFBNaEuifCNkszyiEoQ","481"
"Compensation","-1575074785","yQYcIOkvAhLTcmYrO","345"
"Compensation","195827738","gFhomWJfRGWaenLOfnnbs","96"
"Compensation","-280236695","AwirgqwyeMk","98"
"Compensation","735719012","gbxddUcTxgUrCNPcqDB","230"
"Compensation","262936993","olqwISJ","481"
"Compensation","-160249596","sDNHAyGTnNUJXqHscWZgWZAek","219"
"Compensation","1853052114","qs","470"
"Compensation","1884986244","FAJPL","226"
"Compensation","-1559215383","IMPAgkNoeYfbFOJRDNjNdmVGBtz","495"
"Compensation","1879158652","vKOVaTwAKzvNq","125"
"Compensation","208305865","NsBBwQCWudVIOdTBGekx","376"
"Compensation","-1083965220","rAv","239"
"Compensation","-527265870","FZObrvYcJZUdQpkNMRWMnuqMZjGmbG","490"
"Compensation","-552349002","CGXKUncoGjNmiufEezsqjyaf","263"
"Compensation","720489094","vTxvPHxRUSsO","389"
"Compensation","-1572658974","f","144"
"Compensation","-1357510703","aHOczHSZ","378"
"Compensation","-1807929515","iCGpFLjieraUbUBrfUNpNDetDurdT","133"
"Compensation","331059360","k","384"
"Compensation","2032792060","svnVdfMIWKK","158"
"Compensation","1306284940","yWsEJVFyrWhjUrBmye","285"
"Compensation","680652922","JABgJQuuFK","36"
"Compensation","46966916","xzNsZDNC","274"
"Compensation","2054745894","lmbnRTFArBmCsVoOcCJNSiiAR","153"
"Compensation","399996217","BPQKbPFZ","281"
"Compensation","-1801315571","UVNrvjOYQBbPzeteLsatwvGFiQts","409"
"Compensation","-494226119","Ebyrzvmdzt","164"
"Compensation","1727219944","pRATCjAxtoeahnuqTvlBMlDcVUfBfay","398"
"Compensation","121442331","r","153"
"Compensation","712185675","KcDFogAcFQmhFHUwjfZqFF","404"
"Compensation","-772696749","fmLLG","177"
"Compensation","-1021574537","XcGJ","429"
"Compensation","778680442","rUVcUFrXkDCl","166"
"Compensation","-458963823","RaaRZRzdKkbZIPzm","418"
"Compensation","-555052491","YowUBLQUE","173"
"Compensation","2069645099","qUTKprXzzGKWJTteLLldkvYAfDigjGH","442"
"Compensation","848955649","TpAGWRBQ","197"
"Compensation","-1589640344","FBWS","448"
"Compensation","-58905973","KYmCnumaWRAhRoBxTHkhdj","186"
"Compensation","-1000242143","EDGPoWXRYhzLCqZrqc","437"
"Compensation","-153978531","eGJkNx","210"
"Compensation","101245393","guXVjlM","336"
"Compensation","835359751","yJXkKha","92"
"Compensation","-1080290767","cokqwrDqNcH","325"
"Compensation","-1027722733","DKYXDZLrtrJuQBWIDgYyiI","81"
"Compensation","1222038994","tQCCJSmAVisPEazXFQ","332"
"Compensation","1924812891","cgTjHdfSbFeOIFvNRZksaB","89"
"Compensation","-1389528045","qAAVxuf","341"
"Compensation","932731297","CS","453"
"Compensation","-1498828223","uypSsHjephMm","204"
"Compensation","154104183","AEqBlhpyRc","460"
"Compensation","220703949","WF","228"
"Compensation","-1113942311","mfouzbiNkzolSFrPmBspQmSZlfHwjpa","484"
"Compensation","1647460816","AYfryQOoitUd","235"
"Compensation","214657285","BbXgeFEANxrEiF","473"
"Compensation","435982944","VPrbHKWutwfgBBOqUFX","224"
"Compensation","-466697094","ytJyNtGTiwZOXxVwz","497"
"Compensation","76657754","BdfDGVLepVmyiAqLJPtgxjc","374"
"Compensation","451706658","esgbERkflt","4"
"Compensation","564658355","wAJLMPeVaDdystZRyWrq","237"
"Compensation","-1753148912","JyukSPpmZwsWSQbDSePCfYAHQ","493"
"Compensation","-747943315","qMQJATcDzqOYckaL","244"
"Compensation","1744522334","PRrDlwkWyimpn","17"
"Compensation","-491528001","zewyLlmVqAiYBYXSMzFlvFMMMU","144"
"Compensation","1816858125","lkmSxmfzdAmiHSI","396"
"Compensation","-330831080","eHppUvBxtkWVBoxKEkXDuaeXUvAI","8"
"Compensation","-780414218","slGBNzdUkDdfVscUXfafUePcl","259"
"Compensation","-1309083651","jjBMSLLSHbKBLTdcutLQHmcYwr","387"
"Compensation","1879528745","UDgzqEzPGMpya","82"
"Compensation","-788819977","pBmkgXvSAjWnhgSrtxxGlUCNKUWz","461"
"Compensation","-587984047","SEQOwCZ","195"
"Compensation","-1775447027","yGrenKpmdoZjoVRBhRDFRQljid","450"
"Compensation","2104550135","ipWNYCZUubK","201"
"Compensation","-243747972","DclseQcuYowJuJsysAEowMeYRDl","347"
"Compensation","1976776633","lCcfCjg","102"
"Compensation","187147944","EVXQaJTbWpZceEvqfsNQckHBDd","353"
"Compensation","-1669316663","VPDshQfIBEUanMgkChfQ","91"
"Compensation","-1752814208","yjRkmdVpwuzrFOFXvODGZSyLFKV","342"
"Compensation","-883313829","fHQZ","115"
"Compensation","-527229496","wojzCtBlWnpEVRQWAGqLkFCjqbFSRR","241"
"Compensation","1061423046","Cx","122"
"Compensation","-1503647222","XQngBcThqpVNqODawSp","355"
"Compensation","1247015041","pqrgYEfgBQZscwWwv","111"
"Compensation","-760904682","qXGsYnOlEVtoPwJbdXzExdWv","362"
"Compensation","-2093381815","ehqJJKWOFxxxFeeOcjHTrYJPUxjLQDA","135"
"Compensation","-1381161378","TBoZcebOzpaXIZCoSXesWzkGB","386"
"Compensation","1418095118","DkcHUQkNuMolEcDYPG","498"
"Compensation","-2014661228","nkYlpfjADcSTDyUMJzF","250"
"Compensation","107833468","fJMQreaGHnd","5"
"Compensation","-1835261878","lGnpmpDuLcCWwviSUKnVxGJJtsu","133"
"Compensation","-466400197","pKhePbZbIXMhWYlTPHCQQegzbjNO","389"
"Compensation","-1859734388","JLKqkRmLoBqMeY","140"
"Compensation","1508617782","WESQ","3"
"Compensation","1840866221","hISroEwTXbfkekflYym","254"
"Compensation","-1268320112","RwftBSsrRQpsaEPWAwfKiipXgehmYv","402"
"Compensation","-1336677704","ubKPFcxZCFxI","153"
"Compensation","-450791407","qlxarvAjdnN","408"
"Compensation","2118885960","gQRKAUNlMPqaEmZgSKBgSqGFqomq","142"
"Compensation","570034470","AJcjHDPEBTvExCaHpZaDWeicaLJXLDc","270"
"Compensation","-438213965","DytDw","25"
"Compensation","-519418928","fvxNRzti","294"
"Compensation","924533194","NmDkmkJtBAhfPetwpWd","49"
"Compensation","-1263227109","m","300"
"Compensation","-1209825888","VqpNUndfqgPvWaqiamGMlqLrsj","162"
"Compensation","1670766576","LHKLXsjkW","289"
"Compensation","1386351638","efXz","62"
"Compensation","-419919786","uMSLveiziEPfNAyoxZFchCyZNoFZK","314"
"Compensation","-1977341671","XZuhurwYRBXCrKKaBHSqAllRgbkDr","69"
"Compensation","-1260215412","ppcgdpfLRJRHqpnLLDqCU","303"
"Compensation","-1609978409","wzjiZRtZVjaOhM","58"
"Compensation","1007372413","EQnKnVpmYsHhYKovAjgh","184"
"Compensation","807729499","IxMkdL","316"
"Compensation","99909495","WdWbHgcDEIZxVDWMPauw","67"
"Compensation","1431547719","i","305"
"Compensation","1154339124","kcZLdDZbnOuRTH","56"
"Compensation","-1350988881","QRkivPJmLXRaomhPqYNDG","312"
"Compensation","1152814228","VpJj","80"
"Compensation","1338364732","n","336"
"Compensation","-1214737000","lBRXYlriKILESGwPzjm","463"
"Compensation","1235002652","RAFDLPQQuHkzdb","197"
"Compensation","412728185","mMylAmxMSHXrasSLj","452"
"Compensation","-528349068","aRVyuLddrSrngVwNELOxJtCwhm","204"
"Compensation","-178297605","kQpiiHV","477"
"Compensation","-1127317173","xkekLwIN","228"
"Compensation","-280909499","oW","340"
"Compensation","-766944990","ENelIuFjBRVqZfrFTXfaSbh","91"
"Compensation","325318881","vkrmerrtlHCcnOksxhTiuWBZ","472"
"Compensation","1809851834","nlDgXEGTktBruqq","241"
"Compensation","-2035540546","zzcVDdgtREPPRp","371"
"Compensation","-317881159","b","499"
"Compensation","-119545285","oBmmIEeaDkepDqArpoGWTN","232"
"Compensation","22154534","DydQOSoH","488"
"Compensation","727117486","YqkVDxitNxN","239"
"Compensation","-1234882568","wLnJAdUJdQFMfWyKAXQiAWFowvaigHY","371"
"Compensation","577483235","OrTaSWaNAqzaEDxGfaRtHvJcWSzcTp","122"
"Compensation","-1290094798","SwDQaijeYKbpPi","360"
"Compensation","1113277567","DBGDLNeRjTCozp","111"
"Compensation","-781002953","eh","367"
"Compensation","-725452712","VCkT","263"
"Compensation","-1643911076","OvATLsbyzzHQKqovdRChYN","14"
"Compensation","42236949","GlK","252"
"Compensation","-1617498384","dbqsbrgrLIymUVdjlYRnmfASm","3"
"Compensation","-1122633541","p","259"
"Compensation","-1575770590","umtRYvWN","27"
"Compensation","22290924","cYuoHlidLoIesrKatCZ","283"
"Compensation","2073681553","ssLXZocjINHFzMDWznICJsFpunJC","34"
"Compensation","1371089673","kNOujbGTZSKHxoSzHFvEmKyHUFP","144"
"Compensation","-1456981135","RQROVwCcIinbgvMATVPkCu","400"
"Compensation","2062271091","ciOgJA","151"
"Compensation","-1524973183","rEbYhMvJCJoP","47"
"Compensation","2041833883","A","175"
"Compensation","-2045980338","LYBrUxIZ","413"
"Compensation","-1019704408","W","164"
"Compensation","675027569","EPrMBtqdBRWWjRiTGhWuJNgPJouFb","419"
"Compensation","-1340348964","zQfmqWaxbHWkMOiXOoaIvuPYNyyaLd","111"
"Compensation","1763076040","xRZCqkPGnu","489"
"Compensation","-591660043","yKnmacexOl","227"
"Compensation","1610605797","tYyNSCYdjJGNcTKziVsFic","478"
"Compensation","-1206632375","hW","359"
"Compensation","-804308194","LYBGAUWHm","128"
"Compensation","-1020782006","BvYLGIsBS","384"
"Compensation","784904450","BKlHMSoDdNgiiTsjldlDAcFkV","245"
"Compensation","458645422","XvreZqLxucmCNS","496"
"Compensation","1981341996","FKBFbWYUxaVnVyhYXcMK","251"
"Compensation","117240700","Nl","397"
"Compensation","1782953370","qwIc","148"
"Compensation","-966532193","KOtGIBbgcdZFBH","403"
"Compensation","91990811","zTrhuIcbiMWLCI","137"
"Compensation","413685980","VDHqZawh","267"
"Compensation","-454294410","brSUGwOduZvsbpkxltqD","18"
"Compensation","-1371877835","dgbYQwGqYe","291"
"Compensation","-1655433398","tGozJcum","42"
"Compensation","1184373787","IiGPdbwKJDxaIAZt","280"
"Compensation","-918074141","QsBOiKfuGEoBvCbEAfRABtwF","31"
"Compensation","718946571","NkmCkMaV","287"
"Compensation","-537567369","vdlYwGUiHoXooZOiA","415"
"Compensation","1736066142","kgHoTCJIwFwNHvKWDMckT","170"
"Compensation","-517941120","BGEEXLsPeNEFsi","421"
"Compensation","-1688770184","KRYKWeoeWYAn","159"
"Compensation","-2132119758","NifxunJ","410"
"Compensation","1506670750","bIpLFAgmWIOBxkIVxig","183"
"Compensation","-839143866","LgFxyCuSHmsSXjiYyHgnCOzk","434"
"Compensation","-1695582194","qQADQbmqVU","190"
"Compensation","-1023619452","vkkLs","49"
"Compensation","-1859445950","xwaNupLbgFmgTPZKLaaUKvyPRrG","304"
"Compensation","-981032","NrxMJR","56"
"Compensation","95207252","exViZgr","329"
"Compensation","735268059","dNHorIPZcUIAsnToHXJHT","80"
"Compensation","2038813439","Tu","318"
"Compensation","1573946637","qzJtZHgkUUyUlyxuxuVJiYubBzIK","443"
"Compensation","-568699456","gWwSKBUDuqsXO","199"
"Compensation","-741312454","LAogTNsBsaAJeUo","344"
"Compensation","1718516975","zaiNuapRPDzPyCbHbT","95"
"Compensation","-2083796548","LPcWnNhfXZqkdNRtH","225"
"Compensation","-949823753","HBcxcdremLwaCGhoIljcXfky","459"
"Compensation","572206238","gqYjcSa","340"
"Compensation","1764082672","IXvOWpWdUdnIPzPK","91"
"Compensation","1462071752","jGRloSEcmGYYfXPfjR","97"
"Compensation","-950788024","mfKcsWqLyabnWIfOFiuHnWGiJXz","349"
"Compensation","-1100363853","dtWNyfIPDfPwyacHc","86"
"Compensation","-644884160","XfsXUsWDLTqZhrkeLGURp","338"
"Compensation","1939310443","GwPDqK","93"
"Compensation","-849664922","pXVSdsZuBhkmFm","238"
"Compensation","-528298823","KRrYxaHgjfnNHZdwzIuFCmsPqAC","490"
"Compensation","-1394537897","JJHesdSwR","245"
"Compensation","-592582713","akZlyGccOttckdepgjTa","479"
"Compensation","-1780469146","BxsNFu","108"
"Compensation","-2001992527","wLfzGnVVBuzrWfOf","485"
"Compensation","780742660","XtDKGkRqRgGlNJF","258"
"Compensation","6635947","UDjgRhUlvCzjG","9"
"Compensation","-809677831","yHx","247"
"Compensation","1085499084","NVOtLbtxEOwImusTgNkRImi","498"
"Compensation","497726155","SNrubLRCkfoyltKaukErmeycqHzrRA","128"
"Compensation","-1019241822","LFJvYnTDp","397"
"Compensation","1796564715","DnwvXeyXs","152"
"Compensation","-1021618923","fMZrqexoJfIeFpYbpvwMEfgYJNGcGla","404"
"Compensation","411902078","OPChVkdCbkUJW","141"
"Compensation","921404994","PtoZqwTudPVMWDrD","393"
"Compensation","148682204","uMXroHfEcWxATdcipULIp","25"
"Compensation","-780273315","wtKwPXhucMyeUZEoUwCRkx","276"
"Compensation","557485850","YoIIZRBLsaXiPLIznMGYwP","31"
"Compensation","634616755","LgxjHLsjnrTNHIMKPtDUCKhBhi","142"
"Compensation","405230653","BrnZSkDSj","393"
"Compensation","-323891609","AENDfUGjDoarncKHsewFobEZpYn","148"
"Compensation","-1609414428","XZmsMUPsedBWoCianOfeakJTlNwp","417"
"Compensation","-1783696002","abGcqeuexTQhPVDdhI","47"
"Compensation","487911822","XRsuYobnRYjqCVbeUHwW","298"
"Compensation","-455368363","tQallHvkiQhXsTNRI","36"
"Compensation","-741179963","kOprKjgKsELJuniOsCDZUPI","287"
"Compensation","1136609177","LBKWPNlbShCMhrtsXHNSZDPTmely","186"
"Compensation","1412257750","cxqzVimFVETjh","437"
"Compensation","-39282861","NzGVJpIKCNQRTjpyLGp","67"
"Compensation","263058914","dQguf","300"
"Compensation","1291737008","YBuSuacFYDBgg","56"
"Compensation","-1350899357","tKjCxMowKYtJmgICbolz","307"
"Compensation","-542833790","mMzcaHc","80"
"Compensation","1890713984","REknBVZnhaKiAIQCLglpcbLaLfubrS","331"
"Compensation","1164813237","zgCQJpBheyMAy","459"
"Compensation","1877307844","JOkRvdPVbbHaTsQVWkyxC","197"
"Compensation","-1018488537","LbotIYoHrYtsJMv","448"
"Compensation","21766678","yqOUTuroWvVnvPAoaaYHgSsPi","143"
"Compensation","-232242518","YDIUwXPkhXeEGrqgybfTI","394"
"Compensation","545318404","CNJrLQGckScCGjBtDbCkZGldulHY","150"
"Compensation","959890965","qIQNrcJrycANIAKyYeusJTtEmLV","383"
"Compensation","1030105268","SmKJtioEtrTZgeieAWTAhtgzPegd","13"
"Compensation","1411042222","XjNricGvmgFyyuCkD","264"
"Compensation","-638521304","NHC","37"
"Compensation","86655321","quia","289"
"Compensation","-124598892","PpcNazBuCSDnoKTEnvQPopLzBKyAONj","26"
"Compensation","1267748679","fDYlVtBjL","154"
"Compensation","-1393860117","KJeTzm","405"
"Compensation","-1820779996","cJhdJJyDkRaUbgMkgbzJfvdzaWDSm","178"
"Compensation","727958782","H","429"
"Compensation","-1722036497","ifiSquj","59"
"Compensation","998828729","ufxLKnCOzLOWmAe","418"
"Compensation","1380307709","mb","48"
"Compensation","-1031899806","QuDgDuRCexrHILlbk","176"
"Compensation","-1886789919","mhuSRTKSL","445"
"Compensation","-1800098582","iKLDRoptjoGfd","200"
"Compensation","1711297832","abbLthKCjZiWxvjEKruhM","451"
"Compensation","1251603120","VolpDcS","64"
"Compensation","997613093","WbmJLlEuHzz","315"
"Compensation","-1561817535","MZGXUHjjOpKcNhleTYtALoGJt","447"
"Compensation","-754857903","pGcotjaAr","198"
"Compensation","361124602","yvEqXhAkAxyToBggigjDF","454"
"Compensation","-65113893","OHdtJgEIMUZ","187"
"Compensation","448618404","fOqgHXqxKL","443"
"Compensation","-516121986","DJieWgCIelTITTKEXAtpVQwLL","71"
"Compensation","116060238","pfeFkKkHTOPOSyKyevnFIbxAlxWyhhO","339"
"Compensation","1137649860","SccWjhtqKpqqn","95"
"Compensation","367736860","BovfXgXnasizbgYorjLheMM","346"
"Compensation","-1828862925","RUPVSpoOgR","458"
"Compensation","-1462416435","oJvnplcRLbOnbsTHQHQrhfysThjU","209"
"Compensation","304449559","THiQE","482"
"Compensation","258449168","rrbBdyjXHcXnkqTOjOSWLodp","234"
"Compensation","-252799769","GilukBnhuzjGMtFCYogVjqa","489"
"Compensation","28919312","oeWk","223"
"Compensation","-1930114430","BOfeJGtaaRAGhTAuyPYuMLtNYbbZFhn","478"
"Compensation","77357502","Ms","106"
"Compensation","1680118695","zXNRBaZsRQslDVBWqZKqlh","375"
"Compensation","744925373","nFJewCCGxTM","130"
"Compensation","-95149954","knbW","381"
"Compensation","830156795","SXIjOmRGMj","493"
"Compensation","-1621671927","ksvaXP","245"
"Compensation","670514532","kUnaefBqIUcSWsQEslmsuWot","377"
"Compensation","1577928920","bzaXhjvHcqwFIvigVTTBbqSyKgdS","5"
"Compensation","1756847148","L","256"
"Compensation","-1031159979","UsQHbcqRPdRSGCp","117"
"Compensation","924052896","QhiKYeboFWzRecx","245"
"Compensation","-1356221315","N","500"
"Compensation","32529029","vtbqoEQcxRcEKatfaXjz","269"
"Compensation","-1931951634","luvYCOlsCGkamufjYUswysiJOJWdy","24"
"Compensation","1818667115","kfVukUMTwmdsWUo","276"
"Compensation","967581830","wxexLqvCohilRTAGBoXNTpXZJI","388"
"Compensation","-329983104","KLQiIejdTzTotlj","139"
"Compensation","-18141946","augPzILyxwmWUIHsfirQoZYqqrb","412"
"Compensation","1658980545","lgqaw","163"
"Compensation","1927336580","ZrIuvnpUKNCOJtvScxpFhWdYidxtm","291"
"Compensation","-1333813856","iTzsPnoOFnsqGKvc","152"
"Compensation","-1174514557","zBcVtrDKqkDnBgOvYf","408"
"Compensation","1291254137","PAbjEUaZzcNEOophfNyWsmuxrxtYn","35"
"Compensation","-1638472947","q","304"
"Compensation","927224424","GIUiiVfjEUkdBFDkRmMjhGQeyltiK","60"
"Compensation","1810682156","ZLDLZayvTHIBgkwPZoPRzmlUBSl","311"
"Compensation","1796985440","QYckVTPZAT","423"
"Compensation","-590790009","fgnVi","174"
"Compensation","-2011942250","GEKhCsYdaXMf","306"
"Compensation","-2078195943","wXURSdlnMxGx","58"
"Compensation","24095383","laiodFyHBVUPQKTasDIpVukBqU","313"
"Compensation","121529397","VZkVpmAVjcjU","423"
"Compensation","2144279973","EcXOSlgb","302"
"Compensation","1482977369","jo","53"
"Compensation","856153135","PlAlkOAzeZgAXraDKiNDMBqatOtQF","326"
"Compensation","1706146688","hZUFeknBITEklRDdOpfLCwZbXvotU","454"
"Compensation","-1149280125","HhpNUiEBlkgY","205"
"Compensation","1864425445","HmqLRAioRbtwYhAKSvALzQJhgXcH","443"
"Compensation","-522914557","BEh","194"
"Compensation","1676834695","afIpVKjYaKUlYsEP","342"
"Compensation","-1327267954","pUOGRqyAo","93"
"Compensation","1196126405","sDOKBZpxvHNOnJcDqYnn","221"
"Compensation","659001558","gYetTmCYYKWBTYdwjJQBrmtD","333"
"Compensation","-817420055","TFtUydLVrbwublYhdkX","210"
"Compensation","-1542807595","HkkOMgkJTvYNL","465"
"Compensation","686015873","K","108"
"Compensation","842324141","VZSwRKHdH","364"
"Compensation","2115386833","YtEVksQO","240"
"Compensation","-454726772","lNwQoVZ","102"
"Compensation","338475979","aKpTjE","357"
"Compensation","1865261934","UM","296"
"Compensation","244285508","pkjPQrWORJiisckC","51"
"Compensation","1824951761","LIWXssdNxRR","302"
"Compensation","496490602","o","40"
"Compensation","1019900858","jVbFSLopclOdsDSeA","291"
"Compensation","1549468328","pgtqxIVKFFACMshpRuIAMP","64"
"Compensation","-1717362274","XzZQmtjwv","315"
"Compensation","-1994084502","ubpPvHXSVTsVnVmwPIJKIbaUvSw","71"
"Compensation","-560345337","SEpGmHqsNLHZGIszwNIarzX","304"
"Compensation","-2048514411","WowNUudGnnYmORsfpPYOYa","432"
"Compensation","-961236978","QjxOTz","188"
"Compensation","-169372542","iuwhnVdMTMtwlrfcMKdK","456"
"Compensation","44411394","STOaytzhh","212"
"Compensation","-1572361761","MrUAlFdXaKxUgcofuTQSJti","337"
"Compensation","-550790699","JbTFPNTuZbrUGhDlrcWmK","75"
"Compensation","1506353094","CoYCoUionXkVO","326"
"Compensation","-1943542236","v","225"
"Compensation","1461708260","rPsjAoQeZCHYSyyJkbOBAxLaGRGvGLJ","351"
"Compensation","-1691744262","NSDnAqHZqZJoNBSJttJM","106"
"Compensation","1922716302","akMyUkLnjMhIVatvgjkEz","340"
"Compensation","-1606083437","OCXBNaOYtLDKiEEOI","95"
"Compensation","882027795","PNyNPKpdOrowPGnIfkuFXHYrqBTCE","223"
"Compensation","-662388777","QXgqsEGQMdOe","351"
"Compensation","2089773223","OsNIBLPjSYWPhsaFJk","106"
"Compensation","1522545212","F","357"
"Compensation","1790735038","UfrubYARqBksbtzgUwmS","470"
"Compensation","-1022855597","nGqjdaAHiaUUPfDgPaYfMgFwbeDcKF","221"
"Compensation","1263903160","GKNJzaNgvmpbgWotSh","494"
"Compensation","-758091474","ExttxRtVbIxkekcYLcNuK","245"
"Compensation","169126177","sDpxIxPxnhIngTBtdqttfAdTE","500"
"Compensation","847216221","pyvhfTgwkfJNnYZFE","234"
"Compensation","2055638774","c","489"
"Compensation","-1462295751","auooOwjZwWB","117"
"Compensation","1967882674","hTBfYdJWlYXxZPFVkhkFSWN","386"
"Compensation","-1834160467","Bg","141"
"Compensation","7713036","jMfnFsImjYAF","267"
"Compensation","-1511986744","ocRIPfMSWhSmAbR","5"
"Compensation","161053612","eoFCFARj","256"
"Compensation","-1171809609","SKbB","29"
"Compensation","-2089061819","pYn","280"
"Compensation","-1293267205","WUoWM","36"
"Compensation","-932483881","uWbcbSo","269"
"Compensation","-1951368464","AcuZaGvyK","25"
"Compensation","-231552772","DtMqkGZlsOdGxvFCENrmnLgVRwxSuFg","152"
"Compensation","-1056551928","SMKOzGjiovrTNenYunFE","280"
"Compensation","622194841","kRXClpaMmPsAYZO","36"
"Compensation","-108175291","ofYpfXvewqbLx","287"
"Compensation","-488829370","UEPEmRwlwPfKkgrBSusRzXYZ","399"
"Compensation","168345812","NrlkQDY","150"
"Compensation","419916099","rUVYjMgDexPyEiDfBDI","423"
"Compensation","-1093005607","NnMnOPmuOOvPbIzfhsmoahzd","175"
"Compensation","-1987455778","KFDU","56"
"Compensation","1014372557","XziqhqHM","289"
"Compensation","-1962410091","GcSJqmWHfc","419"
"Compensation","-1226368002","zOjCAnvoPUlickclCkQGBWV","170"
"Compensation","-671691695","LYEixrFMrIBmvoTbXjV","443"
"Compensation","-898328309","NMlTEhjIm","194"
"Compensation","-1732555629","EAqJAhnfAEMZsOcvmUSY","197"
"Compensation","1507797878","FPrCRNa","434"
"Compensation","-778175381","NNfEjfSedDpEoUXFyfqb","186"
"Compensation","1267930023","zsKruztvMoGH","459"
"Compensation","-955803252","PkVXdEPrrghePGmBgSXleuuIFUS","86"
"Compensation","1598580715","WWeygvUtYpKatUsBMolRhcWVot","465"
"Compensation","-766057247","OOprtmYasJaghGqIfSlMs","199"
"Compensation","28048475","AoDwmCifaUooQow","326"
"Compensation","-863837593","OmDOJSecCxKnrQISHbRctresu","82"
"Compensation","-2049879379","yEJbDUXBgPucOKNEsUTfDvbRNnHrBn","210"
"Compensation","-1970713280","wPGbJAqhLiGXWgUXUisHdtXOuKEvs","465"
"Compensation","1799035483","EiakMIQSHrbQcbRmdphkTlGOmnrdFxL","91"
"Compensation","47056433","RDjTSVdqxKFyjIlpq","329"
"Compensation","-882030933","FjPGFkrHGohHcO","80"
"Compensation","-1451831019","jqBvnUpzjCYKWTbITgiNkn","208"
"Compensation","-295218317","vnmipVAnOpRWob","481"
"Compensation","1864028645","oewkaRghjWxwLxkh","232"
"Compensation","475417268","jN","470"
"Compensation","-2133691298","MTS","221"
"Compensation","420039778","PE","351"
"Compensation","1228525947","lAyEKyrugLgkkjVFDlt","120"
"Compensation","1784090351","JXAHWMyMbzZXO","375"
"Compensation","-1795437519","rnuvu","126"
"Compensation","2019220086","texytko","236"
"Compensation","1773736756","ydalgmHdtOQtlNaWuRLgrwrNMGzH","492"
"Compensation","-754372200","rUeFHKHewbwQdHfT","243"
"Compensation","-822245460","IhLzPFGlIPrbzNwBEkqnmnoduJTpPg","16"
"Compensation","1744470632","pwwqnEBfz","267"
