row_number,country,city,street,house_number,address,postcode
1,Guam,South Michaelchester,Anthony Glen,4158,"9784 Flores Meadow Suite 849
South Steven, NJ 52037",02571
2,Latvia,Diazport,Rose Circle,7802,"Unit 1564 Box 8693
DPO AE 53768",74396
3,Montserrat,Adrianton,Harrell Turnpike,73534,"USS Carpenter
FPO AA 34463",35768
4,Costa Rica,Daniellefort,Davis Ports,4235,"464 Heather Knolls
Hestertown, MA 08457",98078
5,Iceland,New Stephen,Justin Locks,2164,"40322 Harrell Plains Suite 578
New Dawn, SC 39912",97639
6,New Zealand,North Adrian,Ward Overpass,709,"PSC 7301, Box 3804
APO AP 54199",88843
7,Niger,Saraburgh,Grant Alley,338,"498 Margaret Bypass Suite 931
West Debraburgh, WA 23124",55094
8,Afghanistan,South Jesus,Mason Roads,7936,"35398 Griffin Shore Apt. 406
Marcushaven, IL 84822",76189
9,Syrian Arab Republic,Port Debrashire,Megan Tunnel,9986,"8763 Watson Spurs
North Glennstad, NM 43964",20572
10,Niger,Port Michele,Robertson Unions,37070,"8814 Smith Row Suite 216
Laramouth, MN 05435",15486
11,Bermuda,Port Gerald,Gillespie Run,536,"313 Craig Trail
North Lindaport, AZ 80189",45329
12,Libyan Arab Jamahiriya,Edwardstad,Le Prairie,498,"031 Jennifer Station
Andrewtown, NV 82281",61262
13,Spain,Pattonchester,Gomez Shoal,85820,"Unit 7754 Box 1801
DPO AA 14341",09800
14,Lao People's Democratic Republic,Lake Julian,Patrick Village,0640,"77008 Zuniga Squares Apt. 991
South Troy, VI 54022",84781
15,Guyana,Hortonhaven,Miller Camp,78260,"07104 Silva Vista Apt. 649
Rodriguezhaven, AK 94960",32446
16,Czech Republic,Margaretbury,Fernandez Viaduct,599,"129 Lisa Manor
Carterfurt, MD 18790",66567
17,Namibia,Dawnview,Powell Spurs,82509,"USCGC Kennedy
FPO AE 89811",15525
18,French Guiana,Jimenezland,Rasmussen Parks,338,"277 Michelle Centers
South Stacyburgh, AR 48757",67385
19,American Samoa,New Andrewfurt,Karen Trafficway,1916,"84558 Valerie Trafficway Suite 341
Ortizmouth, WA 76334",17012
20,Austria,Port Theodoreton,Joshua Shores,05616,"3222 Hunter Squares
Victoriafort, NC 04162",39626
21,Norway,East Michelle,Meyer Square,853,"055 Roberts Crest
South Rachelshire, CO 58847",20508
22,Bangladesh,Tabithamouth,Anna Village,07438,"344 Sean Mountains
West Madelineland, TX 70793",65099
23,Kuwait,Port Jasmineville,Wright Pines,85999,"75438 Cannon Square Suite 684
Patrickmouth, SC 25390",77461
24,Iceland,Port Michael,Vasquez Villages,5985,"7982 Daniel Ridge Suite 596
Hensonmouth, IN 07320",51317
25,Venezuela,Maryton,Sarah Canyon,37913,"64770 Murray Land
Webbberg, NE 10382",39719
26,Philippines,Hurleyview,Christy Alley,45939,"80986 Carter Plaza Suite 865
Port Stephanieport, MS 67084",58795
27,Sweden,Bassfort,Jordan Fork,20226,"Unit 8239 Box 7555
DPO AA 56541",30869
28,Gambia,West Joseph,Michele Dale,913,"1723 Matthew Radial Suite 628
Port Michaelmouth, AK 36215",39764
29,Netherlands Antilles,West Mark,Watkins Mountain,3601,"736 Travis Stream Suite 407
Port Antonioville, GA 02051",04140
30,Tajikistan,Greenport,Jessica Run,62715,"6065 Arellano Village Suite 528
South Samanthaview, CA 10700",62531
31,Reunion,Hendersonstad,Laura Center,003,"015 Nelson Meadow
Palmerport, TN 44327",46878
32,Heard Island and McDonald Islands,Tiffanyfort,Moore Stream,4854,"0141 Wright Hollow Suite 228
Tapiaton, AL 01300",01349
33,Honduras,East Thomas,Jeffrey Terrace,0672,"58090 Chambers Extension
West Pamelaside, LA 32704",20379
34,Congo,Lake Pamela,Colleen Parks,0045,"46707 Robert Trafficway Suite 379
West Masonfort, AK 30712",65111
35,Madagascar,Chadberg,Cesar Ranch,9392,"887 Howard Turnpike
Lake Colleen, IL 75075",46286
36,Guam,Parkerborough,Curry Shores,092,"2123 Brittney Terrace Suite 939
Bobbystad, WY 36818",80707
37,Antigua and Barbuda,Lake Robertshire,Mary Mall,0812,"755 Cruz Ridge Suite 138
New Brittanymouth, AS 81588",25830
38,Thailand,Port Mollyfort,Laura Union,8638,"404 Thompson Cove Suite 169
Port Kimberly, TN 31235",35953
39,Mali,South Jennifer,Petersen Center,069,"72604 Christopher Ridge
East Richard, AS 41617",08731
40,Vanuatu,North Alexandramouth,Mccormick Lane,85635,"748 Emily Forest
Lake Vincent, MS 57494",66645
41,Palestinian Territory,Sarahside,Maldonado Estate,46617,"Unit 1859 Box 6297
DPO AP 22805",40033
42,Uganda,Ramirezberg,Lee Mountains,1802,"932 Jason Port
Aliciamouth, NM 97834",21978
43,Sudan,Port Aaron,Ronald Corner,47421,"5896 Taylor Curve
Susanfurt, VT 41931",12726
44,Uruguay,Stephaniefort,Wanda Well,96736,"163 Lester Port Apt. 131
Port Johnnyside, GU 25100",33615
45,Malta,Jonesview,Andrew Knolls,05289,"123 Byrd Vista
Rebeccatown, MA 50790",80558
46,New Caledonia,East Brentmouth,Lauren Shoals,7025,"Unit 0234 Box 5891
DPO AA 15238",99542
47,Tokelau,Rachelport,Thomas Brooks,0148,"60479 Thomas Dam
Reevesfurt, MH 41444",71731
48,Antarctica (the territory South of 60 deg S),West Albert,Peter Mountains,815,"2360 Sanchez Street Apt. 133
Singletonville, NM 36440",60190
49,Zambia,New Dorothychester,Schwartz Fords,564,"9321 Brett Loop
Cohenhaven, MN 86325",48253
50,Faroe Islands,Brandonbury,Hicks Run,9703,"64762 Robin Port Suite 030
Coopermouth, OH 47221",20771
51,Venezuela,South Melissaton,Salinas Rapids,201,"62133 Julia Spur Apt. 308
North Karenhaven, MP 68356",75287
52,Christmas Island,Snyderstad,William Islands,696,"40620 Jason Drive
Clarkberg, CA 16198",07572
53,Guinea,North Jessica,Martinez Fords,87050,"PSC 7021, Box 7683
APO AP 05307",40089
54,Portugal,Jacobstad,Lee Overpass,192,"Unit 4412 Box 6063
DPO AP 71826",99076
55,Liberia,Reynoldsfort,Greene Squares,97890,"5794 Megan Wall Suite 760
West Donnashire, FL 36924",29326
56,French Guiana,New Ellen,Edwards Plaza,5475,"66056 David Crescent Apt. 243
Mcculloughside, SD 73003",01754
57,Lao People's Democratic Republic,Thomasport,Michael Vista,901,"5139 Raymond Hills Suite 630
Nortonbury, VA 35233",74339
58,Madagascar,Lauraberg,Vargas Ramp,928,"PSC 5507, Box 6914
APO AA 63678",28214
59,Monaco,East Tonyfort,King Knolls,13545,"67082 Perez Wall Apt. 987
Christophertown, VA 46373",13349
60,Belgium,Jennifermouth,Julie Ramp,4797,"7329 Thomas Gateway Suite 912
Andrewhaven, IL 98331",87595
61,Russian Federation,Castilloborough,Matthew Walks,84831,"441 Frye Isle Suite 599
East Nathanside, NM 55179",73729
62,Ethiopia,New Nicole,Ramirez Manors,838,"34200 Michael Glen
East Anita, SC 38094",64543
63,Kazakhstan,Catherinetown,Poole Forks,22521,"USS Doyle
FPO AA 32698",26001
64,Mauritania,South Michaelberg,April View,905,"53585 Taylor Terrace Suite 490
North Dawn, MT 51158",39130
65,Bouvet Island (Bouvetoya),Gardnerport,Ewing Crescent,2549,"43138 Doyle Grove Suite 655
Smithfort, MH 37578",70303
66,Isle of Man,Port Erinchester,Joseph Alley,970,"3419 Joseph Underpass
South Jasonview, PW 46174",10025
67,Saint Barthelemy,Lake Amandamouth,Griffith Union,04483,"8366 Valerie Court
Carolynport, CA 73280",38312
68,Chile,Lake Michelleland,Walker Ports,5207,"85959 Flores Track
Newtontown, VT 53848",96588
69,Bouvet Island (Bouvetoya),Reidside,Stark Wells,07004,"6561 Conley Lakes Apt. 977
South Jeremy, GU 60310",32522
70,Norfolk Island,Contrerasfurt,Todd Lodge,83457,"0676 Stephen Ridge
South Thomas, FM 67665",01378
71,Saint Helena,West Kristin,Melissa Curve,2023,"PSC 4934, Box 6060
APO AE 10521",43536
72,New Caledonia,East Michaelmouth,Mcintosh Mountains,0886,"608 Samantha Harbor
Aliciamouth, WY 84256",07953
73,Jordan,New Kelseymouth,Lindsey Gateway,79718,"67942 Sarah Inlet Suite 579
Braymouth, SD 14129",58503
74,Dominican Republic,West Jennifer,Heidi Valley,8179,"11473 Ashley Mountain Apt. 603
North Christinamouth, WA 23814",51653
75,Kiribati,West Jason,Thomas Villages,5309,"5324 Leah Vista
Melissabury, UT 72408",46018
76,Slovenia,Port Jenniferfurt,David Garden,10824,"5378 Ramos Ferry Suite 960
North Eddie, GA 69309",89258
77,Brazil,Marioville,Beck Corners,28377,"61804 Sparks Inlet
Lake Williammouth, MP 73739",65436
78,Togo,Port Brandonchester,Timothy Oval,3976,"Unit 5582 Box 4130
DPO AA 92381",65861
79,Cote d'Ivoire,South Kathryntown,Love Radial,4106,"PSC 6474, Box 6883
APO AP 59730",83165
80,Luxembourg,Andersonfurt,Lawrence Camp,755,"09463 Willis Island Apt. 256
North Julieport, ID 47511",67834
81,Togo,Williamsview,Mcgee Grove,320,"78974 Monica Freeway Apt. 237
Cooperchester, SD 12302",57786
82,North Macedonia,Shawmouth,Wilson Gardens,53003,"835 Hall Place
Woodsfort, HI 95888",84563
83,Martinique,West Raymondton,Lawson Drive,6484,"09209 Thomas Plains Suite 000
Leeshire, WY 47771",79384
84,Guyana,Johnview,Sarah Haven,86966,"35948 Keller Cliffs Apt. 946
Amandaberg, SC 86284",10408
85,Grenada,East Amber,Christopher Fords,1339,"0189 Wallace Highway
Andersonview, NM 93932",25242
86,Latvia,West Patricia,Thomas Extensions,6070,"PSC 8028, Box 2257
APO AE 18487",10832
87,Jersey,Port Cheryl,Kathryn Estates,792,"334 Gilbert Field
Danielland, ND 37657",42650
88,San Marino,Stevenside,Salinas Crossing,9850,"885 Victoria Bypass
North Amanda, MN 62328",19605
89,Moldova,North Ethanmouth,Fuller Rapids,62324,"319 Amanda Ports
Lake Maryshire, UT 04024",89982
90,Holy See (Vatican City State),East Caitlinland,Cummings Extensions,5489,"078 Angela Neck Suite 414
New Timothyburgh, WA 77645",29147
91,Marshall Islands,Marthaland,Mcknight Dale,68832,"93700 Cynthia Hills
East Michael, OR 07967",16497
92,Morocco,Jasonborough,Bradley Lodge,55689,"6310 John View
Burnettland, DC 43923",78705
93,Zambia,Crystalport,Kyle Mountains,1275,"99383 Sean Oval
South Nicoleshire, MT 15723",98401
94,Norway,Colonfurt,Jones Islands,24339,"419 Christopher Pike Apt. 056
West Tiffany, NH 78710",71818
95,Reunion,West Johnbury,Harris Vista,00944,"256 Melissa Cliffs
Ortegamouth, IL 54944",14146
96,China,New Brooke,Lisa Keys,8254,"026 Bishop Islands Suite 368
Tiffanyton, WV 59191",15314
97,Saudi Arabia,Lake Tylerberg,Steven Mall,59696,"2836 Dawson Hollow
Port Jamesfort, NC 09923",79901
98,Australia,Lake Amy,Newman Inlet,2273,"88753 Vance Burgs
North Donald, MA 10729",09628
99,Senegal,North Karafort,Scott Parks,089,"94571 Katherine Track
Acostaview, FL 36242",00934
100,New Caledonia,Gardnerchester,Derek Keys,028,"7343 Kevin Pass
East Gregory, KS 11074",53877
101,Saint Pierre and Miquelon,South Williamport,Murphy Forge,41304,"242 Robertson Squares Apt. 875
Hamiltonhaven, NY 93868",62656
102,Costa Rica,North Jeffery,Jesus Hill,57390,"1496 Alvarez Unions Apt. 454
New Jacquelinemouth, ID 48053",02139
103,Brunei Darussalam,Amyborough,Walker Fall,163,"0327 Wayne Lodge
Kristinmouth, MP 18706",86110
104,Iran,Toddburgh,Joseph Radial,1262,"18603 Woods Station Apt. 797
West Taylor, UT 04665",57024
105,Libyan Arab Jamahiriya,North Lauraport,Frederick Street,6909,"687 Diaz Valleys
West Charles, MT 25928",85184
106,Bahrain,Danielshire,Allison Plaza,685,"108 Jacqueline Junction
South Meganburgh, PW 09148",74245
107,Italy,Lake Tiffanyport,Timothy Court,5545,"PSC 7766, Box 2105
APO AA 02752",88102
108,Mauritius,Port Carolyn,Anthony Avenue,1775,"2205 Hayes Island Apt. 741
Snyderbury, MN 01676",93272
109,Malaysia,New David,Anderson Mount,51687,"679 Johnson Point Suite 481
West John, NC 97964",60120
110,Myanmar,New Melissatown,Smith Station,9169,"348 Mccall Ramp Suite 070
New Kellyport, SC 16329",15665
111,Sudan,New Garystad,Tommy Union,29707,"65767 Shawn Burg Suite 024
Petersonhaven, MA 74653",70601
112,Haiti,Underwoodhaven,Gerald Trail,48616,"PSC 1992, Box 4391
APO AP 58769",53731
113,Lithuania,Castrostad,Larsen Meadow,9693,"7465 Mack Groves
North Cesar, WI 51009",26713
114,Palau,Tranfort,Terry Route,475,"528 Hammond Hill
Scottland, GA 32954",68985
115,Uruguay,New Jessica,Julie Pine,910,"6104 Patrick Garden Apt. 241
Allisonmouth, DE 18200",86562
116,Angola,New Edwinmouth,James Drive,28033,"244 Mark Dam
New Tina, WY 85778",25600
117,Armenia,North Kristaside,Lee Spurs,17057,"6258 Conrad Loaf
New Lukefort, WV 18289",73141
118,Denmark,Danielmouth,Sanchez Island,28057,"14217 Elliott Trail Apt. 211
Davidfort, AZ 39802",13045
119,Jersey,Lake Leeville,Kelly Mall,4298,"USNS Pena
FPO AE 54277",59926
120,Falkland Islands (Malvinas),West Kristifort,Myers Lights,566,"591 Ashley Turnpike Apt. 784
Jasminefort, NH 96515",43985
121,Georgia,North Jacqueline,Patricia Keys,77450,"38033 Jennifer Wells
Sarahfort, TN 38311",80657
122,Bangladesh,Morgantown,Miller Forks,896,"6728 King Centers Suite 203
Martinezhaven, MT 21342",82495
123,Trinidad and Tobago,New Kelly,Turner Prairie,88864,"USS Thompson
FPO AE 43854",39502
124,Greece,Brownberg,April Avenue,341,"873 Tina Ridges
Adamview, TN 58701",26101
125,Togo,New Sierra,Elizabeth Rest,188,"18935 Brown Roads Apt. 539
Marshallmouth, UT 60640",54100
126,Romania,Lake Patricia,Stewart Curve,030,"12551 Adam Canyon
South Thomas, ME 08217",22005
127,Northern Mariana Islands,East Hayden,Marc Keys,81446,"898 Rios Walks
Lake Kristopher, MD 82040",77955
128,Mexico,West Deborahshire,Smith Flats,500,"187 Kimberly Crossing
Kelleychester, OR 43218",04135
129,Faroe Islands,Williamston,Lynn Gardens,80120,"193 Patricia Lodge
Robertview, HI 84020",54951
130,South Africa,East Thomasbury,Cheryl Burgs,581,"505 Murphy Coves Apt. 292
Delgadoside, MP 36830",13713
131,Ireland,East Jason,Austin Drives,48754,"838 Melissa Manor
North Scottmouth, AL 29572",66753
132,Fiji,Keyburgh,Knapp Orchard,74991,"8474 Christopher Knolls Suite 134
South Joshua, MN 78364",99117
133,Wallis and Futuna,Stephenton,Walter Burg,699,"171 Daniel Forks
Elizabethtown, GU 64434",97097
134,Lesotho,Scottmouth,Harris Cove,9737,"Unit 3602 Box 3699
DPO AP 58588",87560
135,Ireland,Bellmouth,Brent Lights,46673,"166 Oneal River
Katelynton, RI 01174",83811
136,Zambia,Port Dean,Lawson Mission,481,"171 Justin Spur Suite 018
Drakemouth, WY 60375",51829
137,Congo,Amandastad,Stephanie Skyway,12539,"1868 Ian Highway Apt. 792
West Seanbury, WI 95509",38944
138,United States Virgin Islands,Smithport,Ball Mountain,4385,"07234 Steven Islands Apt. 018
Christopherfort, WA 92748",47643
139,Anguilla,Lake Jamesmouth,Mario Ranch,40682,"444 Jake Drive Apt. 214
New Angelica, OR 03222",95113
140,Nigeria,North Kimberly,Sydney Forge,12850,"1089 Dominguez Turnpike
South Scottborough, IN 82103",44453
141,French Guiana,Briannaberg,Samantha Mall,644,"41685 Olson Burg
South Valerie, NM 86475",78169
142,Bosnia and Herzegovina,South Natasha,Rebekah Mission,90641,"745 Russell Walks
Port Taylor, MN 75363",17455
143,Romania,North Amandashire,Tracey Shoal,2263,"810 Ortiz Garden
Scottfort, NJ 72014",79135
144,Antigua and Barbuda,Port Robert,Trujillo Underpass,4400,"28149 Hunter Forks
Smallmouth, PW 34566",39179
145,Dominican Republic,West Matthewfort,Miller Mount,8210,"820 Edwards Orchard Apt. 875
South Jesse, SD 22563",22473
146,Lebanon,Carlfort,Lopez Points,3951,"785 King Highway Apt. 342
Marshallfort, MT 05385",33999
147,Jamaica,Markfort,Karen Vista,59788,"PSC 3984, Box 6010
APO AA 60735",14420
148,United States of America,Marcusland,Wilkinson Mission,1894,"Unit 0666 Box 1202
DPO AE 25544",58541
149,Monaco,Kleinview,Summers Lights,193,"210 Brown Field
South Briannaland, KS 81736",43909
150,Dominican Republic,South Tanyaberg,Morris Key,148,"733 Charles Hills Suite 281
Maryburgh, OK 45016",91190
151,Malawi,Port Heather,Shawn Plains,02091,"7310 Alexandria Stravenue Suite 355
Cookmouth, SC 83914",83042
152,Bermuda,South Marystad,Johnson Path,143,"2632 Crystal Trafficway
Rodriguezborough, NC 36480",89964
153,Cocos (Keeling) Islands,Zamoramouth,Cooper Land,500,"334 Michael Lodge Suite 290
Lake Marcside, FL 45570",48437
154,Guinea,Ballardhaven,Coffey Gardens,92512,"992 Rodney Manors Suite 559
Pamelaside, SD 58838",00738
155,Mali,Joelmouth,Erika Well,444,"6348 Sanders Field
North Timothy, OH 93058",72040
156,Pitcairn Islands,West Sandraberg,Michael Inlet,0403,"14790 Hamilton Pines
Seanfurt, MP 20898",69594
157,British Virgin Islands,Laurieburgh,Marc Bypass,57359,"15412 Brooke Forks
Port Brandyville, VA 42142",03474
158,United States of America,New Donnashire,Rita Turnpike,5703,"365 Hampton Pine Apt. 554
Thompsonbury, WY 71264",67094
159,Somalia,New Jessica,Timothy Ports,9865,"013 Morgan Garden Apt. 262
Stephaniemouth, SC 79473",67098
160,French Guiana,New Travismouth,Alexa Circles,8551,"61463 Hughes Prairie
East Adam, WA 24403",61785
161,Bahamas,New Alex,David Via,900,"PSC 7225, Box 2378
APO AA 37772",10093
162,Portugal,Anthonyville,Matthew Plaza,754,"25866 Kyle Pass
Allenborough, VI 00627",73813
163,Lao People's Democratic Republic,North Ricardofurt,Jennifer Cape,6153,"7392 Bowen Circle Apt. 364
New Paulfort, IA 76287",65669
164,Antigua and Barbuda,South Kayla,Morris Dam,7366,"52444 Pugh Villages
Stevensburgh, SD 04841",01589
165,Georgia,New Kurt,Patricia Ville,9804,"409 Melissa Divide
Johnmouth, UT 15929",45823
166,Turks and Caicos Islands,Heatherchester,Webb Cape,00512,"2883 Malone Alley
Leeland, PR 09247",43681
167,Tunisia,Andersonborough,Diaz Centers,2634,"5931 Christopher Tunnel Suite 321
Keithtown, MN 84094",72214
168,Belgium,Walshhaven,Wells Roads,4587,"30618 Jason Field
South Kristy, VI 81466",15337
169,Equatorial Guinea,Evelyntown,Anderson Crossroad,459,"301 Weiss Valleys
West Aaron, IL 08127",74575
170,Vietnam,West Maryside,Emily Inlet,659,"445 Torres Street Suite 365
Dickersonchester, MA 18106",83467
171,Lebanon,Williamberg,Medina Bridge,364,"457 Stephenson Lock Suite 176
Carlaview, OK 71697",95115
172,Niger,East Jack,Stephen Burgs,1285,"84900 Lisa Walk
Lake Robin, DC 24883",31845
173,Germany,Sarahview,Robert Unions,172,"64451 Vega Circle Suite 110
Lake Nicole, LA 97098",20991
174,Bouvet Island (Bouvetoya),Scottborough,Marie Mews,1334,"419 Richard Port Apt. 183
North George, VI 15072",89989
175,Ethiopia,East Tiffanytown,Heidi Skyway,288,"93549 Mcbride Place Suite 253
Keithmouth, MP 50539",22555
176,Angola,Rogersburgh,Farmer Turnpike,3939,"97236 Lloyd Lodge Apt. 492
Port Kyle, NH 50987",43580
177,Bangladesh,Vincentmouth,Doyle Fork,941,"056 Heather Cove
South Raymond, IL 79868",41485
178,French Southern Territories,East Christianshire,Kevin Viaduct,3355,"55733 Hall Orchard Apt. 441
Ruthmouth, MH 59715",46077
179,Afghanistan,North Jessicaland,Pollard Orchard,309,"7227 Jordan Prairie
Josephland, PW 89843",71472
180,North Macedonia,Mccormickmouth,Lewis Inlet,72854,"028 Garcia Streets Suite 747
Simmonsfurt, MA 56961",73131
181,Paraguay,Daniellemouth,Bishop Crossroad,08732,"0395 Danielle Vista
East Matthew, VI 73901",86157
182,Malta,Newmanfurt,Jennings Curve,386,"4773 Hayes Point Suite 246
East Charlesland, MI 38381",12265
183,Antigua and Barbuda,Port Jesseside,Courtney Meadows,99182,"PSC 7411, Box 0815
APO AE 37668",76394
184,Barbados,Joantown,Jose Harbor,602,"27548 Sheryl Bypass Apt. 586
East Andrewchester, ID 70312",12605
185,Equatorial Guinea,West Lisa,Oliver Club,512,"2989 Scott Ville Suite 976
East Juanville, VI 66177",42851
186,Hong Kong,Jessicahaven,Harrison Circles,8620,"7229 Solis Square Suite 368
North Andrew, MH 99733",66534
187,Gabon,Jessicaside,Christopher Drive,8475,"Unit 9253 Box 5367
DPO AA 73359",92705
188,Congo,Fisherport,Leslie Bypass,03021,"711 Tina Square
Lake Adammouth, DC 35797",82504
189,Vietnam,Alyssatown,Clark Common,215,"3366 Andrew Oval
North Aliceborough, SC 83615",75777
190,United Arab Emirates,Carriemouth,Ray Route,93795,"0791 Oscar Course Apt. 221
Ryanport, MI 82058",47807
191,Martinique,West Amanda,Renee Hollow,6103,"7572 Kimberly Oval
Birdland, MI 53230",47368
192,Somalia,Samuelhaven,Sanchez View,3999,"26105 Angela Viaduct Suite 887
East Jennifer, PA 77485",72019
193,Cayman Islands,New Matthewburgh,Bruce Pass,29898,"6665 Samuel Trail
North Danielfort, CT 38676",20755
194,Guinea,East Angie,Reyes Mill,23040,"996 Robinson Alley Suite 120
West Loganview, NV 41840",76470
195,Zimbabwe,East Nicolestad,Gardner Mountains,7768,"82576 Patrick Ways
South Toniport, MH 30650",94170
196,Palau,Owensshire,Hicks Grove,2183,"24256 Jeffrey Mount Suite 762
East Alanton, AL 96396",18324
197,Turkmenistan,Jodiburgh,Brian Corners,1324,"090 Willie Vista
Port Jonathanbury, VI 43446",69931
198,Korea,North Kayla,Phillips Cliffs,83811,"091 Donna Park Apt. 878
Ericastad, WI 45335",27582
199,Niger,West Joe,Castillo Walk,3866,"621 Garrett Spur Suite 858
Stevensbury, NJ 34418",93503
200,Faroe Islands,Coxview,Young Neck,6756,"1641 Kathryn Greens
Catherineburgh, MP 85538",02786
201,Guam,Myerston,Deborah Avenue,556,"1670 Justin Groves
Baileyview, NH 74004",39439
202,Guinea-Bissau,South Holly,Garcia Hollow,425,"554 Ruiz Ways Suite 395
Boyerton, HI 49131",11385
203,Marshall Islands,Jameston,Hansen Unions,38014,"45426 Melissa Spurs Apt. 685
South Jacobbury, CO 97338",94926
204,Belgium,New Melissaborough,Jacobson Station,1227,"474 Justin Locks Suite 122
New Matthew, AZ 92783",12795
205,Micronesia,Port Thomasport,Julie Stream,936,"68394 Foley Fall Apt. 726
North Stephanie, HI 15063",67014
206,Korea,Kochton,Brown Plaza,31129,"08184 Lindsey Springs Apt. 226
East Lisastad, RI 81420",83160
207,Hong Kong,Liufurt,Riley Causeway,9737,"661 Flores Crescent
West Amandaton, ND 14840",88109
208,Qatar,Smithhaven,Duke Meadows,470,"USCGC Zavala
FPO AA 36551",49404
209,Cambodia,Stevenbury,Lori Crest,91166,"Unit 1656 Box 9381
DPO AP 62445",16104
210,Solomon Islands,North Dawn,Joseph Branch,47897,"03451 Hernandez Orchard
Timothyberg, OH 38970",06053
211,Bahrain,Lake Jennifer,Rachel Track,940,"35490 Patterson Rapids
Gregorymouth, SC 79242",45573
212,Maldives,Taylorchester,Sherman Shore,46752,"970 Antonio Stravenue Suite 497
West Donaldview, NV 16232",98107
213,French Southern Territories,New Kevin,Nelson Trail,5716,"09331 Christopher Corner
Markshire, PR 29373",26365
214,American Samoa,Lake Andrew,Tran Wells,261,"17146 Jessica River Apt. 218
New Joe, ME 67429",78286
215,Djibouti,Smithville,Cantu Mission,649,"Unit 0101 Box 2025
DPO AA 82013",96750
216,Taiwan,South Kristinland,Lamb Ranch,94963,"721 Skinner Squares
East Michaeltown, KY 19633",94605
217,Senegal,Lake Michealchester,Jillian Shores,605,"326 Benjamin Orchard
Lake John, DE 42310",15394
218,Cayman Islands,Port Dustinfurt,Heather Place,32520,"198 Cynthia Mountains Suite 428
New Bradley, AK 57146",73935
219,Anguilla,Adrianmouth,Hoffman Stravenue,14171,"329 Dawn Divide
Kristinaport, CO 64172",84382
220,Algeria,Teresahaven,Mitchell Turnpike,955,"20019 Lewis Square
Sherimouth, NE 95211",62007
221,India,New Kelseymouth,Matthew Roads,0242,"3883 Shari Vista Suite 250
West Davidton, MP 24933",58266
222,Kazakhstan,Thomasborough,Adam Well,01344,"6613 Jesse Villages Suite 476
Lake Stephanie, NV 85205",38488
223,Myanmar,East Anthonyborough,Jennifer Harbor,965,"6121 Morgan Oval
Danaville, IA 18529",12170
224,Liberia,Williammouth,Herring Rue,3913,"24535 Olson Oval
Clinestad, GU 94101",35078
225,Cayman Islands,Macktown,Crystal Trail,58277,"Unit 4647 Box 0769
DPO AE 57506",85349
226,Cook Islands,East David,Williams Manor,600,"8217 Henry Ferry
New Lauraton, WA 61277",61828
227,Tokelau,South Jamesmouth,Dudley Keys,5230,"290 Randy Locks
Williamsshire, OK 92212",61544
228,Saint Helena,West Michele,Ruiz Station,26852,"USNS Haynes
FPO AA 62233",61323
229,Nigeria,Cruzbury,Hamilton Walks,7354,"42139 Dixon Avenue
Whiteland, DE 82521",21828
230,Rwanda,Jimmyhaven,Kimberly Ports,015,"27405 Loretta Mountain
Jenkinsmouth, KY 25252",10553
231,India,East Mitchell,Thornton Pike,143,"57801 Scott Plains Suite 707
Joshuachester, AL 29505",85012
232,United States Virgin Islands,Smithbury,Karl Skyway,17224,"436 Allen Causeway Apt. 729
Marilynchester, DC 66589",87776
233,Guam,New Daniel,Davis Points,39117,"07349 Nichols Gardens Apt. 163
West Patrick, MA 28746",97897
234,Armenia,Lukemouth,Ellen Glen,9051,"Unit 1341 Box 0035
DPO AA 25247",99278
235,Singapore,Port Anthonyburgh,Michael Wells,42167,"361 John Overpass
Lake Alanbury, CT 59833",69825
236,Benin,Baileyport,Amanda Way,7284,"PSC 5029, Box 9708
APO AP 04276",63459
237,Luxembourg,Port Ethanfurt,Nicholas Street,3083,"17985 Stephanie Meadows Suite 921
New Debraburgh, NE 33961",69071
238,United States Virgin Islands,Shellyfurt,Serrano Village,3557,"5588 Timothy Rest
Aguirremouth, WY 58041",26129
239,Lithuania,Taylorchester,Taylor Parkways,1678,"71056 Mary Crossing
Paynechester, AZ 44289",32343
240,Taiwan,East Joann,Amy Lakes,748,"3704 Patrick Branch Suite 805
Ericmouth, DE 67197",91981
241,Chile,Lake Alex,Jack Shoals,06177,"1479 Diana Views
Michaelbury, IN 32207",16097
242,Western Sahara,Lake Stacyview,Mitchell Cliff,303,"3621 Price Row Apt. 144
Maryhaven, AR 69215",93099
243,Ethiopia,Powellport,Moreno Walks,28827,"86255 Cochran Views
North Autumn, FL 03032",75264
244,Japan,Knightton,Carlson Knoll,8670,"045 Corey Rapids
Olivermouth, MD 52275",85001
245,Tajikistan,South Lauramouth,Gary Court,2192,"9853 Diane Ford Suite 180
Kristyshire, AL 97700",90598
246,France,Andrewville,Michelle Turnpike,9447,"663 Ann Rue Apt. 572
South Jill, MI 10334",27680
247,Myanmar,Laurenhaven,Harper Shoals,3230,"947 Greer Circle Suite 595
Lisaburgh, ME 97162",67199
248,Tokelau,Robinside,Perez Ferry,953,"818 Henry Turnpike
Hallborough, AK 28972",66518
249,Singapore,West Tammie,Anthony Turnpike,580,"258 Graham Brook
Zacharybury, NH 69815",19864
250,Djibouti,Mccartychester,Colleen Isle,593,"2269 Susan Mountain Apt. 042
Turnertown, AK 97573",25665
251,Brunei Darussalam,South Charlesfurt,Smith Divide,3356,"243 Rebecca Causeway
Maryville, MN 32995",64059
252,Fiji,South Carlosland,Paul Cliffs,481,"89599 Holt Course Apt. 237
Samuelberg, OR 54356",71158
253,Reunion,Saraberg,Christine Causeway,95027,"7754 Paula Grove Apt. 537
North Georgeberg, HI 50463",97602
254,Kyrgyz Republic,New Fredhaven,Candice Extension,75375,"878 Sherry Ports Suite 500
Williamsbury, DE 62788",95329
255,United States of America,South Robert,Tracy Points,208,"42722 Lyons Lakes
Hardinfurt, WY 49031",27446
256,Algeria,New Danaport,Danny Station,2672,"25162 Harris Vista
Beckbury, RI 64004",32093
257,Zambia,Sarahfurt,Hodges Locks,8993,"USNV Chase
FPO AE 35409",74332
258,Russian Federation,Arnoldburgh,Natalie Lake,940,"203 Fernandez Valleys Suite 982
Diazmouth, IA 96257",91496
259,Estonia,Port Andrew,Taylor Forge,6234,"554 Kane Field
North Edward, MI 45112",71573
260,Chile,Rogerton,Martin Mountain,07918,"77132 Lee Springs Apt. 659
Moniquestad, GA 99014",02736
261,Korea,East Markstad,Henderson Junction,473,"492 Carter Corner
Port Michelle, MS 57257",66886
262,Ghana,Allenfurt,Houston Islands,493,"PSC 6014, Box 6997
APO AP 68173",03752
263,Angola,Georgeland,John Trafficway,6491,"171 Rollins Pines
Port Anne, ND 84298",10800
264,Dominica,Katherinemouth,Deborah Ports,554,"7622 Dale Brooks
Calhounton, MP 85927",12452
265,Congo,Tatestad,Michael Bridge,39240,"USS Mcgrath
FPO AA 15155",88978
266,China,Morrisonchester,Scott Estates,3702,"42673 Short Prairie Apt. 515
Danielleview, MS 69332",83549
267,United States of America,Port Ashley,Frank Courts,7898,"388 Kim Street Suite 460
Port Robinburgh, ME 84012",32185
268,Martinique,Powersberg,Turner Harbors,4491,"0601 Gregory Mountain Apt. 033
Kellyport, HI 95096",55228
269,Rwanda,North Pamela,Kim Track,022,"9124 Tanya Junction Suite 371
New Lisafort, KS 56468",94320
270,Niue,Stevenchester,Cox Mountain,177,"548 Ramirez Streets
East Angela, AR 84220",66314
271,Saudi Arabia,Mckinneyshire,Williams Gardens,00231,"PSC 0586, Box 9092
APO AE 60456",57606
272,Myanmar,Hernandezmouth,Hill Square,523,"7164 Ross Forks Suite 956
Port Daniel, MD 92348",96486
273,Liechtenstein,East Emily,Holland Run,96751,"7081 David Villages Suite 336
Jonathanshire, RI 86263",68476
274,Gambia,North William,Stephen Lake,66104,"4407 Ramos Shores
South Marcus, CO 39117",39135
275,Cook Islands,Choiberg,Carr Cove,996,"54213 Harvey Roads
New Wayneshire, AK 02918",86729
276,Kiribati,Kelseyborough,Lewis Prairie,035,"19894 Johnston Course
Vincenttown, MT 72431",30803
277,Northern Mariana Islands,Mcmahonland,Gonzalez Walks,51900,"816 Levy Coves
Kellyhaven, LA 27431",23974
278,Slovenia,West Lisachester,Cole Harbor,93712,"31902 Drake Avenue Suite 706
Salinasville, VT 35909",14815
279,United Kingdom,Bradytown,Haynes Garden,164,"9807 Joshua Prairie Apt. 393
Lake Matthewhaven, DC 62306",73958
280,Saint Pierre and Miquelon,Mariaview,Taylor Island,755,"0520 Curtis Prairie
Port Sandra, NH 32567",34583
281,Brunei Darussalam,North Christineburgh,Hernandez Lakes,3026,"136 Walter Views Apt. 872
North Albertfurt, WI 66780",61177
282,Puerto Rico,Lake Davidport,Shawn Springs,7057,"0445 Kim Ford
Carlchester, AZ 61871",95836
283,Tunisia,New Richard,Rowe Extensions,039,"7120 Ali Harbor Suite 095
Martinezview, VA 16939",57974
284,Serbia,Port Kathryn,Clark Mall,235,"61301 Diana Pike Suite 913
North Debbie, DC 11892",12824
285,Lesotho,West Angela,Matthew Flats,220,"041 Laurie Flat Suite 260
North David, AL 83138",23435
286,Mali,South Joseph,Parker Parkways,6210,"82754 Galvan Dam Suite 369
Lucasport, OR 56686",59204
287,Netherlands Antilles,Sullivanstad,Alex Highway,987,"475 Anderson Hill
Samuelton, MS 32719",53598
288,Libyan Arab Jamahiriya,West Kathleenhaven,Soto Mews,02421,"3312 Jennifer Highway Apt. 620
Aliview, NE 36948",55174
289,Indonesia,South Jennifer,Williams Tunnel,6422,"USNS Hernandez
FPO AP 09383",24978
290,Croatia,South Danielleshire,Michael Walk,353,"6158 Howard Lodge Apt. 569
Pughborough, WA 72312",72719
291,Indonesia,Lake Edwardland,Barbara Mill,432,"993 Warner Green Apt. 440
West Shannonshire, NM 91042",09379
292,Saint Pierre and Miquelon,Lake Justin,Brenda Grove,58608,"810 Woods Trail Apt. 126
Rossville, OR 43350",33528
293,Sao Tome and Principe,Davidfort,Cameron Rapid,330,"6199 Thompson Cliffs Apt. 043
Frazierview, VI 35825",77256
294,Mongolia,Tinachester,Lisa Lakes,964,"1513 Jessica Glen Suite 033
Lake Jacob, PW 39916",50610
295,Ireland,Port Ashlee,James Burgs,87767,"629 Rhodes Lane Apt. 819
Shawmouth, NH 03559",03401
296,Syrian Arab Republic,Palmerborough,Debra Brook,5347,"2423 Ryan Station Apt. 792
Ashleyfurt, NM 75255",38855
297,Korea,Hunterville,Roberts Village,5658,"867 Sarah Islands
East Wayne, HI 05892",81105
298,Cape Verde,West Meghan,Juan Locks,6518,"563 Marshall Fall Suite 497
Jamesberg, TN 67949",81835
299,Sri Lanka,Joshuaburgh,Burnett Shoals,5093,"0988 Judith Shores Apt. 749
Harpermouth, ME 03613",01206
300,Zimbabwe,South Scott,Walters Key,67267,"Unit 6484 Box 9858
DPO AA 31072",61317
301,Jordan,Donnaside,Sean Avenue,884,"03919 Joyce Lights
Johnsonborough, HI 74384",86492
302,Cambodia,Rachelville,Roberts Points,73041,"4884 George Drive Apt. 967
Laurachester, FM 75781",11475
303,Cuba,Cruzside,Dunn Estates,2544,"PSC 3995, Box 4496
APO AP 27712",41326
304,Bermuda,Port Wendystad,Shawna Knoll,42356,"USNS Grant
FPO AE 33940",37778
305,Netherlands Antilles,Swansonmouth,Linda Station,7685,"71795 Leslie Gardens
Rebeccaville, KS 17225",40413
306,Ecuador,Michaelport,Matthew Plain,46511,"2435 Andrea Courts Suite 230
New Philliphaven, PR 52388",16790
307,Serbia,Lake John,Walker Trace,88432,"91967 David Prairie
North Kimberly, MA 74434",96388
308,Ethiopia,North Connie,Sherry Circle,5946,"779 Montes Inlet
Robertfort, IL 26769",67329
309,Oman,West Thomas,Baird Courts,52922,"Unit 0747 Box 9808
DPO AA 59123",38640
310,Montenegro,Port Jackburgh,Joshua Streets,4319,"Unit 7108 Box 5886
DPO AA 61030",59290
311,Comoros,West Loriton,James Turnpike,71954,"USS Wyatt
FPO AP 68414",73466
312,Norway,North Nathanmouth,Ashley Ford,240,"68374 Chang Station
Evansview, DC 96382",55345
313,Saint Vincent and the Grenadines,Jacksonfurt,Clayton Hill,387,"672 Miller Heights Apt. 085
Smithville, CA 79340",18908
314,India,North Natashaview,Weaver Crossroad,2603,"721 Tiffany Haven
Maddoxmouth, IA 26277",79402
315,Panama,Lake Laurieville,Callahan Canyon,486,"870 Ibarra Vista Apt. 169
Seanfurt, MO 96842",90275
316,Armenia,Lake Melanie,Christian Manors,64690,"9733 Sara Viaduct
Meghanmouth, LA 45593",14465
317,Lao People's Democratic Republic,Jenniferfurt,Eric Hill,8367,"4561 Young Trafficway
Port Ethanbury, MS 91001",51404
318,Svalbard & Jan Mayen Islands,Seanburgh,Calvin Ranch,125,"610 Morris Motorway
East Joshua, FL 45772",07954
319,Norway,East Daniel,Judy Flat,479,"92136 Michelle Radial
Martinezfort, UT 47858",53619
320,Trinidad and Tobago,Blairstad,Robin Radial,4244,"7756 Zachary Ways Suite 298
Montgomeryborough, OR 98570",41092
321,Palau,Daniellefurt,Shannon Pine,44997,"523 Gordon Light
Toddberg, NC 79622",85061
322,Greenland,Lake Felicia,Phillip Radial,8715,"777 Sara Lane
East Thomasburgh, CA 48411",00847
323,Dominica,Ryanview,Garcia Gardens,2097,"78960 Daniel Shoal
Meganview, IL 81536",36751
324,Monaco,Port Christopher,Anthony Centers,256,"054 Deborah Knolls Apt. 159
North Linda, MD 66564",35849
325,Chad,East Daniel,Turner Throughway,22057,"2714 Justin Passage
Darlenechester, WV 07845",78142
326,Vietnam,Davismouth,James Plains,743,"231 Benjamin Trail Apt. 357
Port Tanner, FL 41310",55604
327,Czech Republic,New Reneebury,Ana Lodge,023,"329 Mcgee Corners
Sellersport, CO 47703",32696
328,Isle of Man,Steeleton,Shannon Heights,85887,"3619 Jordan Highway Apt. 929
South Stephanie, PW 42247",23752
329,Liechtenstein,Moorefort,Charles Skyway,1146,"148 Anderson Shoal
Ryanport, AL 26444",96966
330,Austria,Cameronview,Wood Street,2324,"41271 Davis Lights
Robertshire, MT 77000",88648
331,United Kingdom,South Seanberg,Acosta Green,8322,"63437 Snyder Square Apt. 260
Port Elizabeth, KS 88868",15234
332,Luxembourg,Colemanton,Garrett Alley,252,"33907 Nicholas Point Apt. 430
Guerramouth, WV 97638",02980
333,Holy See (Vatican City State),Ryanfort,Arnold Curve,22601,"8160 Williams Loaf Apt. 586
Timothyfurt, MH 27703",42324
334,Saint Martin,Stephenside,Nicole Manors,3148,"100 Katrina Freeway
Woodsburgh, FL 09358",15075
335,Bouvet Island (Bouvetoya),Randyfurt,Martin Lane,89064,"150 Joseph Springs Suite 633
West Lisahaven, RI 62294",72971
336,Afghanistan,West Brandon,Gregory Spurs,061,"579 Stephanie Light
New Williamview, MP 45156",33698
337,Saint Martin,Doyleside,Eric Manors,63027,"3044 Lauren Underpass Suite 525
Debraburgh, OH 64413",08983
338,Ecuador,Williamshaven,Lawrence Divide,370,"95017 Braun Mission Apt. 575
East Amandastad, RI 51869",31719
339,Portugal,East Shannonshire,Boyd Village,7136,"920 Sparks Land
North Carolfurt, CA 16894",82499
340,Eritrea,Lake Nicholasborough,Karen Path,8782,"893 Andrea Forest Apt. 293
Bentleyside, AK 90541",79216
341,Western Sahara,Dennisside,Kelly Plains,325,"41956 Best Villages Apt. 016
Ronaldberg, UT 54312",94989
342,Seychelles,Christianhaven,Howell Mountains,63566,"49381 Beltran Vista
New Kelly, MA 37867",22789
343,Brazil,East Sarah,Gregory Fall,54559,"USS Weiss
FPO AE 43525",22946
344,Vanuatu,North Michaelfort,Velasquez Dam,349,"2658 Mark Estate
East Brianchester, HI 80331",27472
345,Mali,West Janice,Gina Gateway,07527,"83880 Walton Parkways Apt. 063
Fisherfort, DE 85887",28699
346,Netherlands,Amandafurt,Fernandez Union,866,"3783 Hammond Route Suite 310
Meganhaven, ND 92605",08201
347,Malta,Lake Jenniferside,Callahan Route,778,"4039 Valerie Hills Suite 950
Harthaven, VI 87411",36948
348,Iran,Shawfort,Monroe Port,145,"245 Baxter Mount Apt. 737
Jeremyfurt, DC 87293",62437
349,Haiti,East Sandrashire,Michelle Village,2093,"Unit 1993 Box 0271
DPO AA 00546",71069
350,Jordan,Lisastad,Beverly Estates,343,"8821 Ford Greens
Jameshaven, MS 01969",93041
351,Paraguay,New Judyside,Massey Springs,82633,"40682 Christopher Spur
Robertmouth, UT 09688",18681
352,Morocco,Danielview,Mitchell Vista,621,"44333 John Overpass Suite 421
Smithborough, MS 06368",31660
353,Isle of Man,Lake Dana,Elizabeth Walk,0024,"09215 Jessica Cape Suite 620
South Richardton, RI 41827",21962
354,Germany,Smithhaven,Anna Oval,2835,"0962 Armstrong Pass
West Steven, FL 20107",11338
355,Saint Barthelemy,East Michaelbury,Garcia Valley,9989,"674 Diane Dam Apt. 960
West Williamport, NH 45182",45047
356,Honduras,West Susanmouth,Gina Branch,41828,"97868 Terry Locks Apt. 331
Zacharymouth, CO 13015",59764
357,Romania,Edwardhaven,Jessica Keys,12437,"990 Cox Bridge
Chapmanshire, VI 62506",55638
358,Bolivia,East Justinstad,Brandon Summit,1126,"57947 Nicholson Burgs Suite 853
Myersville, GA 48533",91345
359,Yemen,South Margaretberg,Vanessa Bypass,718,"30010 Julie Pine
North Lucasside, NH 88082",53572
360,Guadeloupe,Martinezmouth,Anthony Manors,257,"64195 April Place Suite 722
Jacquelinebury, SD 25706",12289
361,Qatar,Michelleland,Schroeder Circles,901,"5820 Sullivan Well
Jonathanbury, VI 40147",17070
362,Micronesia,East Cody,Stewart Brook,213,"853 Todd Throughway Apt. 781
East Rachelstad, VT 79683",58280
363,Uzbekistan,Lancetown,Kimberly Meadows,036,"7172 Richard Rapids
West Daniel, NC 69770",32990
364,Bulgaria,Lopezville,Michelle Walks,35977,"34223 Tyler Lodge Suite 553
Josephborough, PW 21841",58501
365,New Caledonia,Grahammouth,Danny Grove,1860,"2130 Mark Heights
North Annaberg, WI 62068",45294
366,Sri Lanka,South Robin,Brenda Forks,8202,"0246 Juan Knolls
Gailfurt, OK 61582",20537
367,India,East Matthew,Peter Pines,5270,"PSC 5027, Box 0210
APO AA 98192",71174
368,Cook Islands,Port Shelleyton,Thomas Harbors,01252,"80166 Conner Well Apt. 098
Port Gina, FM 27609",68187
369,Faroe Islands,Ronaldton,Monique Route,4093,"6600 Erin Loop Suite 037
Taylormouth, HI 36960",52118
370,Vietnam,Carterland,Linda Keys,297,"PSC 6545, Box 3098
APO AP 43751",73431
371,Italy,Robertsonborough,Hudson Tunnel,6362,"675 Joel Inlet
South Valeriefort, KY 62046",37507
372,Martinique,Tylerburgh,Lyons Dam,266,"224 Aguilar Pike Suite 263
Fergusontown, MO 19137",70769
373,Puerto Rico,West Daniel,Todd Shoal,09648,"9185 Christopher Plain
Howellport, MH 27353",15452
374,Eritrea,Danielville,Mcpherson Isle,03559,"162 Parker Throughway
Frankton, KY 36115",98822
375,Thailand,Coleshire,Bryant Mountains,45937,"5536 Nelson Spurs
East Jason, AK 98189",59209
376,Turkey,Campbellmouth,Smith Walks,415,"5953 Berger Causeway
Port Matthew, KS 02739",47979
377,Italy,Erikaville,Debra Square,8692,"605 Warren Fall Suite 965
Lake Margaretville, CT 68416",93002
378,Greenland,Lake Gregory,Estrada Well,9262,"162 Peterson Island
Roblesport, FL 31404",90963
379,Djibouti,Williamston,Day Ranch,61961,"287 Christina Valleys
Contrerastown, MI 91457",22117
380,Palau,West Deniseside,Dana Run,476,"2985 Gregory Mall Apt. 999
Williamburgh, IL 68266",39779
381,Nicaragua,East Samanthaview,Kathryn Village,009,"72331 Brianna Courts Suite 646
North Roy, MI 77684",46743
382,Albania,Adriennefurt,Carrie Alley,68399,"8065 Smith View Suite 577
Smithside, MD 62206",45802
383,Bosnia and Herzegovina,West Ericmouth,Patterson Lodge,24181,"048 Freeman Forges
Port Tammybury, MT 13171",95834
384,Bahrain,Foxberg,Richard Flat,419,"6300 Cook Spring
Nicholasside, DC 93144",59351
385,Slovakia (Slovak Republic),East Sarahtown,Shaw Brooks,182,"055 Janice Street Apt. 292
South Jamesport, ID 21161",50516
386,Namibia,Port Cherylmouth,Richard Pines,0973,"02424 Zamora Falls
Donaldton, GU 41138",90444
387,Sweden,Katiefurt,Ray Knolls,041,"01157 Craig Cliffs Apt. 329
South Tylerstad, UT 15883",82575
388,Cape Verde,Staceyhaven,Caroline Village,8751,"1170 Douglas Trail
Shaneville, ND 14397",95401
389,Bhutan,Craigland,Daniel Road,166,"USNS Pearson
FPO AP 63813",39646
390,Panama,North Kayla,Deborah Via,156,"187 Jennifer Run
Villanuevaburgh, IA 39873",90297
391,Antigua and Barbuda,East Nathanielside,Daniel Ramp,8505,"23495 Dustin Ridge Suite 875
Michaelland, CO 56001",56239
392,Barbados,East Garyside,Duran Plaza,84533,"Unit 4123 Box 7450
DPO AP 23552",99914
393,Belize,Port Jennifer,Martin Underpass,7724,"4134 Michelle Mountain Apt. 724
Garciaburgh, OH 96160",15902
394,Italy,Angelaburgh,Cantrell Light,6762,"2347 Walls Trace Apt. 730
Michaelstad, AL 41265",87808
395,Eritrea,South Christopherberg,Megan Motorway,9549,"173 Kimberly Cliffs
Nelsonborough, DC 75493",69452
396,Antarctica (the territory South of 60 deg S),Alexandertown,Denise Key,607,"PSC 4340, Box 1047
APO AE 38457",43138
397,Jordan,Vasquezton,Anthony Wall,5218,"516 Connie Estate Suite 009
East Ashley, AK 12865",27805
398,Kiribati,New Cynthiastad,Justin Parkway,4986,"07186 Christopher Gardens
Lake Denise, NM 83904",60192
399,Canada,Christianport,Spencer Parkway,93426,"PSC 3222, Box 8499
APO AE 58235",70286
400,Anguilla,Lake Lonnie,Beasley Plains,14595,"0962 Carter River Apt. 735
Ramosberg, RI 92250",28418
401,Palau,Kellyshire,Rebecca Union,819,"9712 Ethan Road
South Sherryborough, WA 08748",31917
402,Saint Helena,Port Todd,Cindy Coves,8894,"Unit 4386 Box 9622
DPO AE 34555",08970
403,Mongolia,Millerfort,Jackson Meadows,38465,"05876 Page Parkway Apt. 671
Oconnorbury, NJ 38464",25623
404,Saint Helena,Charleschester,Jennifer Garden,59643,"258 Emily Garden
Port Danielleland, DE 07669",29231
405,Thailand,South Lisa,Jones Walk,6889,"292 Jerry Brook
Port Marcus, MS 79231",35763
406,Slovakia (Slovak Republic),Holderside,Donna Villages,4031,"7576 Karen Groves
Lake Joannemouth, NE 44052",14543
407,Greenland,South Patrickborough,Kristen Island,41414,"09357 Turner Lakes Suite 603
Walkertown, AL 31778",16405
408,Western Sahara,South Curtismouth,Ballard Circle,763,"935 Fowler Ferry Suite 850
Hicksville, FL 38069",36345
409,Italy,North Charles,Kyle Rest,42615,"56150 Andrea Harbors Apt. 385
Robertotown, MN 83891",41978
410,United Arab Emirates,Lake Gracetown,Holly Grove,0596,"PSC 8428, Box 5251
APO AA 68052",51573
411,Antigua and Barbuda,West Ryanmouth,Henry Shores,4871,"04774 Bell Shoal
West Kelly, AZ 15401",91108
412,Guinea-Bissau,Harperton,Joshua Rapid,05269,"9445 Christopher Burgs
North Shirley, FL 89886",51372
413,Hong Kong,Douglasbury,Bell Parks,145,"112 Ariana Mountain Suite 212
Alexandriaberg, PR 69045",88416
414,Marshall Islands,Port Megan,Joyce Vista,51703,"8610 Lawson Track
New Davidville, SC 15170",82405
415,Spain,Reneeport,Dillon Plains,2290,"539 Andrea Union Apt. 273
Clarkfort, MN 61275",52391
416,Guatemala,West Williamborough,Andrea Bridge,75388,"41177 Jacqueline Well
Lake Briannaburgh, CO 18758",76606
417,South Africa,Kennethshire,Castro Mall,00248,"295 Michael Throughway Suite 012
East Julieshire, PA 60842",90462
418,Netherlands,Matthewtown,Lyons Knoll,517,"80643 Julie Terrace
Haroldberg, KY 63096",08131
419,Namibia,Chaseview,Terrence Rue,027,"39505 Jessica Shore Apt. 325
Jacobfort, DC 02426",17059
420,Sudan,Lake Rhondaville,Eddie Rue,64482,"32411 Stephen Port Apt. 813
Port Kennethton, NV 48150",31187
421,Mozambique,Brandiberg,Phillips Plains,6436,"919 Allison Mews Apt. 023
East Brian, AZ 30682",66904
422,Uruguay,Johnside,Thomas Station,3758,"8413 Jose Courts Suite 770
Oneillfurt, NE 42019",66889
423,Iran,Port Robert,Avila Glen,626,"5459 Cruz River
East Victoriaborough, TX 72603",85669
424,Suriname,New Helen,Noah Brooks,253,"Unit 8881 Box 2434
DPO AP 25765",67162
425,Japan,Kevinchester,Donald Shoal,053,"4601 Mcdonald Via
North James, DC 08737",41112
426,Chad,Garzaville,Kelley Shoal,845,"8817 Lori Hollow Suite 363
Garciafurt, MS 15844",18244
427,Guam,Allenfort,Stacey Shores,05169,"9450 Cunningham Point Suite 431
West Edward, WY 20011",62670
428,Saint Barthelemy,Dixonland,Nancy Cliffs,17299,"9285 Schneider Mews Apt. 819
West Christina, VI 69690",24832
429,Fiji,South Kevinside,Rogers Dale,773,"4267 Brad Plaza
Rachaelchester, VA 26542",68799
430,Cameroon,South Heather,Ortega Flat,179,"13618 Mathis Stravenue Apt. 134
Marialand, PA 84540",78728
431,Suriname,Darrylhaven,Shelly Fields,5887,"51973 Harmon Road Suite 907
North Christopher, NJ 04426",60177
432,Oman,New Sheila,Colon Path,77477,"11693 Ward Canyon
Austinland, NE 47305",77997
433,Montenegro,Port Mary,Hill Falls,43757,"06920 Gregory Turnpike
Jeanstad, AR 72265",40385
434,United States Minor Outlying Islands,Amandaton,Garcia Hills,550,"07424 Gonzalez Wall Suite 054
East Zacharyberg, PA 14060",70874
435,Ghana,Alvarezmouth,Kelly Well,471,"65790 Rice Pike
Howeshire, PR 63126",40326
436,Saint Vincent and the Grenadines,Stephanieberg,Baker Ford,5714,"546 Hernandez Plain
Archershire, OR 32878",97002
437,Lebanon,Port Maureenport,Joshua Stravenue,3233,"55491 Steven Coves Suite 372
New John, DC 16104",79897
438,Angola,North Ashley,Richard Skyway,575,"93156 Strong Corner Apt. 120
East Derek, AK 99354",81455
439,Kuwait,New Amanda,Baker Stravenue,87885,"631 Jones Ferry
Michelleborough, NY 40412",41057
440,Albania,East Melissaborough,Jeffrey Station,983,"20427 David Locks Suite 144
Port Karenberg, SD 36150",05853
441,Albania,North Crystalshire,Clarke Ville,526,"3939 Mckee Spurs Suite 442
West Wendyland, VA 03735",99184
442,Syrian Arab Republic,Mortonfort,Ray Road,7879,"433 Christopher Plain Apt. 396
West Brenthaven, MT 67073",78317
443,Algeria,Mirandaborough,Jessica Club,3155,"187 Clay Centers
Ivanmouth, FM 79777",27180
444,Antarctica (the territory South of 60 deg S),Davenporttown,Clark Ports,999,"9524 Wiggins Roads Apt. 018
New Shawnfort, MD 15965",72372
445,Armenia,Lake Matthew,Keith Row,83747,"443 Christopher Islands Suite 688
Edwardsport, IL 18448",12535
446,Seychelles,Laurenport,Bryan Vista,97067,"15179 Bailey Greens Apt. 890
North Maria, DE 21828",18284
447,Seychelles,Emilymouth,Santos Flats,2952,"0616 Butler Ports
North Elizabethburgh, NC 95093",29701
448,Greece,Butlerberg,Carroll Lodge,64050,"6477 Lawrence Crossing
Wongborough, FL 87531",22491
449,Croatia,South Andrea,Key Mills,740,"PSC 4730, Box 9651
APO AA 67583",34977
450,Guatemala,Antonioburgh,Stephanie Ferry,1016,"292 Colon Orchard Apt. 480
Wallsmouth, RI 78629",78311
451,Costa Rica,Fisherchester,Carroll Pass,2895,"991 Hatfield Radial Apt. 340
Nancyfort, IA 55780",19828
452,Colombia,North Arthur,Cunningham Cliff,9438,"2035 Jennifer Skyway
Heidimouth, CA 23918",11787
453,Montserrat,East Judymouth,Trevor Club,607,"1346 Daniel Spring Apt. 626
West Nichole, FL 74620",17688
454,Gibraltar,Edwardsshire,Davenport Island,1768,"42456 Anna Heights Suite 185
New Christina, MS 03944",87078
455,Australia,Wilsonmouth,Atkins Court,6122,"460 Brian Street
Susanport, TX 69459",72636
456,Dominica,West John,Wilson Pine,966,"08213 Williamson Parkway
Cassandrachester, VI 42988",96982
457,Brunei Darussalam,South Erikport,Samantha Ferry,59904,"4156 Christina Avenue
Lake Andreachester, SC 29588",82377
458,Somalia,Andersonfort,Linda Ramp,72800,"61690 Harding Turnpike
New Jeffreytown, NC 83768",85014
459,United Arab Emirates,Millerstad,Nicole Isle,66875,"0034 Nelson Loaf Suite 064
West Rhondamouth, VI 82097",87226
460,Kenya,Tiffanystad,Olson Circles,009,"8144 Morgan Loaf Suite 723
North Johnmouth, WV 73352",93578
461,Tajikistan,Alexandraberg,Spencer Burg,486,"92698 Jennifer Street
Howardchester, TN 24002",09063
462,Nauru,Robertsbury,Amanda Pass,711,"USCGC Hudson
FPO AP 48856",28498
463,Brazil,Ortegaside,Dalton Vista,845,"78118 Kelly Overpass Apt. 646
East Alejandrafort, WA 53769",55656
464,Papua New Guinea,North Robert,King Freeway,7125,"03389 Kenneth Orchard Suite 545
Martinezland, MN 21575",67863
465,Hong Kong,East Mandychester,Lori Estates,16141,"8059 Leonard Summit
Campbellburgh, ND 80779",26001
466,Cote d'Ivoire,North Elizabethside,Cervantes Center,2591,"0510 Evans Land
Martineztown, AS 62999",91846
467,Tonga,West David,Christopher Mountains,577,"72765 Michael Parkway Apt. 877
Burgessmouth, OH 56759",94539
468,Pitcairn Islands,Nelsonview,Jennings Streets,021,"97072 Anderson Ridge
Nashmouth, VA 29454",23416
469,Palau,Lake Austinton,Megan Hills,39338,"57095 Ryan Rapid Apt. 509
Velezville, NC 77003",15178
470,Bouvet Island (Bouvetoya),West Spencerhaven,Lance Summit,80770,"3778 Thompson Trail
North Makaylafurt, NH 02731",70651
471,Norway,Wangstad,Anderson Radial,502,"USS Figueroa
FPO AA 65767",19594
472,Cocos (Keeling) Islands,New Benjamin,Watkins Park,3074,"1448 Jerome Cove Apt. 037
Jeffreybury, NC 95288",35570
473,Peru,South Jonathonshire,Simpson Hollow,47903,"390 Garrett Creek
Wrightbury, PW 76887",30221
474,Maldives,North Darrentown,Stone Common,973,"84123 Stevens Land
North Melissamouth, OK 55444",24556
475,Botswana,Edgarmouth,Anderson Crescent,93814,"162 Russell Flat Apt. 546
Adamsfort, IA 33214",88766
476,United States Virgin Islands,North Charles,Chen Light,26143,"246 Erin Freeway
Scottfort, VT 08234",57447
477,Hong Kong,North Kimberly,Michael Drive,34717,"758 Allison Loop Suite 162
Jeffersonmouth, MN 38540",62395
478,Belize,Shieldston,Angela Mall,2261,"811 Howe Overpass
Sampsonbury, CO 39436",59490
479,Afghanistan,Nathanielmouth,Garza Greens,7112,"071 Moore Springs Apt. 057
Port Jennifer, VI 16391",75709
480,Mali,New Kennethfurt,Collins Junction,149,"1646 Gregory Glen
Brandonstad, HI 04255",31757
481,Azerbaijan,Nicoletown,Katherine Wall,21122,"2612 Powell Ranch Apt. 263
Port Krystal, ME 89509",90494
482,Estonia,Port Ericton,Maria Shores,8651,"99249 Ronald Ports Apt. 905
Port Samuel, MT 30850",89799
483,Benin,Danielleland,Nathan Harbor,389,"Unit 2255 Box 8377
DPO AE 03144",88407
484,Equatorial Guinea,Lake Eric,Thomas Spurs,74816,"3839 Julia Rapids Apt. 338
East Whitneybury, TN 64118",08424
485,Saint Helena,Phillipsstad,Adkins Junctions,8225,"4617 Angela Station
Pamelastad, MI 58571",26307
486,Ethiopia,Jeffreyton,Garcia Camp,410,"39047 Michelle Street Apt. 290
North Heatherchester, SD 63832",76067
487,Reunion,South Jessemouth,Shaw Center,1467,"239 George Forks Apt. 439
Ethanside, PR 38277",79409
488,Cambodia,North Dawn,Thomas Loaf,26329,"718 Kennedy Mills Apt. 640
West Elizabethborough, PW 95674",73382
489,Liechtenstein,Port Jonathanhaven,Holland Center,3217,"42974 Shea Loop
New Morganmouth, NE 29384",76429
490,Dominica,Michaelchester,Fisher Lodge,15888,"Unit 9213 Box 8938
DPO AP 24133",98724
491,Estonia,Port Katiestad,Dennis Mountain,63197,"56256 Jeremy View Apt. 385
East Danielmouth, SC 84111",22684
492,Venezuela,East Jeffreyfort,Roy Corners,6264,"54420 Aaron Field
Kevinville, MO 70634",76395
493,Holy See (Vatican City State),Sarahtown,Thompson Forest,2433,"1463 Sarah Hills
East Timothyside, NJ 02510",82298
494,Saint Martin,South Garrett,Stanley Falls,497,"PSC 8317, Box 8405
APO AA 45625",38119
495,Niue,Kevinhaven,Sherry Club,69570,"50684 Duncan Isle
Lake Jaredmouth, WV 26708",35815
496,Wallis and Futuna,New Thomas,Edward Port,8776,"3221 Wright Turnpike Suite 777
Thompsonbury, VT 88307",07933
497,Pakistan,North Christopher,Crosby Extensions,642,"42115 Davis Underpass Suite 797
Bakermouth, OK 67834",81125
498,Turkmenistan,Moniqueberg,King Lodge,952,"09866 Terri Route
Robertfort, SD 83866",38550
499,Ireland,Lake Danielletown,Stacey Alley,96920,"7453 Anderson Garden Apt. 815
North Kristen, NC 67039",38597
500,Benin,Lake Jonathan,Jason Brooks,65185,"1753 Harmon Curve
West Marissahaven, MD 78762",43886
501,Mongolia,Port Laura,Thompson Rue,7896,"6305 Laura Valley
Lake Amanda, MN 06793",35531
502,Uganda,Veronicahaven,Norton Port,4006,"3246 Michael Villages Apt. 635
New Andrewview, AZ 48799",79277
503,Montenegro,Andersonville,Gregory Place,4537,"757 Smith Grove
Jonathanburgh, VT 88604",39935
504,Ireland,Shawnside,Vazquez Overpass,3584,"981 Morgan Spring
Curtisborough, FM 53105",22855
505,New Zealand,Port Stacybury,Amber Skyway,5960,"6448 Zavala Gateway
Smithfort, DE 25559",88077
506,Uganda,North Eugene,Kathleen Pines,1211,"06668 Moody Forges
North Kristinshire, WY 47880",38655
507,Comoros,Jamesmouth,Shah Ways,897,"Unit 7304 Box 8844
DPO AA 56312",48592
508,Greenland,Lake Danielleport,Russell Glen,2003,"79896 Jennifer Alley
Davisstad, WI 10016",32688
509,Switzerland,Mariaview,Miranda Manor,23795,"8393 Hurst Valley
Liborough, RI 60040",22900
510,Azerbaijan,Aliciaborough,Rhonda Stream,615,"837 Best Cape Suite 720
Sanchezchester, MI 59886",07684
511,United Arab Emirates,Durhamside,Sarah Turnpike,8525,"49695 Nguyen Cove
East Zacharybury, RI 46947",96681
512,United Arab Emirates,South Cassandratown,Lisa Terrace,190,"63306 Arnold Views Suite 943
Juanmouth, ME 39439",28421
513,Jersey,West Sara,Jennifer Harbor,971,"8324 Estrada Gateway
Jefffurt, ID 67414",05366
514,Trinidad and Tobago,South Carol,Flores Island,7127,"PSC 3200, Box 2925
APO AA 16753",03396
515,Ecuador,Swansonfurt,Lambert Village,97550,"5833 Daniel Viaduct
Jeremyton, OH 80384",38074
516,Montserrat,New Suzanne,Erik Rapid,3607,"60804 Laura Village Apt. 905
Flowersside, VI 14184",95887
517,Norfolk Island,Lake Kellyfurt,Sanders Fork,1970,"166 Ashley Tunnel
Sharitown, VT 15461",98657
518,Palau,South Aaron,Traci Greens,9012,"39600 Warner Shores
Lake John, VT 83431",15222
519,Austria,Justinborough,Velez Rapid,4337,"9144 Chelsea Prairie
Dennischester, ID 98117",48142
520,Christmas Island,Hilltown,Robert Ville,1169,"PSC 2654, Box 5834
APO AA 63932",37493
521,Equatorial Guinea,South Ryanfort,Brian Radial,6877,"9697 Susan Radial Apt. 653
South Eric, FL 80800",12322
522,Puerto Rico,New Wayne,Davis Oval,2398,"97522 Spence Estate
East Caroline, IL 29517",66406
523,Congo,Cookberg,Gallagher Lake,074,"471 Hernandez Creek
East Adammouth, MT 97694",34820
524,Spain,Davischester,Lopez Stream,163,"125 Barron Port Suite 028
West Michael, MI 43818",81465
525,Switzerland,Port David,Singleton Union,95347,"53481 Steven Parkways
Tateview, VI 18433",28032
526,Costa Rica,East Saraburgh,Dana Camp,64288,"791 Kimberly Drive
West Collinfort, ID 36298",81553
527,Oman,West Joannamouth,Jessica Track,8255,"2963 Jeffrey Parkway
West Kimberlyview, GA 17236",64442
528,Guernsey,Millsberg,Stephanie Route,2646,"29592 Jackson Trafficway Apt. 994
Port Jacob, ME 55414",34382
529,Australia,Walkerbury,Bartlett Hill,940,"407 Castro Drives Suite 135
South Angela, NJ 38370",19906
530,Saint Barthelemy,Lovetown,Maxwell Oval,3801,"8854 Kimberly Knolls Suite 286
Johnbury, OH 20285",87124
531,Japan,Rollinsfurt,Darin Forge,0108,"374 Montgomery Keys
Jonathonshire, MP 76738",22946
532,Norfolk Island,Dorseyhaven,Baker Land,071,"8349 Teresa Stravenue Apt. 924
Dominguezfurt, ID 80022",39192
533,Maldives,Lake Paul,Heather Throughway,696,"62470 Tina Port
Payneberg, NE 18229",87626
534,Greenland,East Chelseamouth,Martinez Camp,442,"52895 Jonathan Terrace Apt. 523
Payneport, HI 97738",09190
535,Paraguay,Howardton,Perez Ranch,1804,"116 Rose Walks
Craigfurt, NY 41878",18855
536,Zimbabwe,North Carmenside,Daniel Dam,22991,"PSC 2505, Box 5386
APO AE 96626",94773
537,United Arab Emirates,East Emily,Wall Forges,4155,"8676 Brown Springs
Evansberg, CO 63436",75456
538,Mozambique,New Shelbyborough,Amanda Curve,577,"147 Navarro Turnpike
Nancyfurt, NJ 89704",11630
539,Monaco,Walterport,Cisneros Common,524,"740 Shelia Walks
Williamhaven, NM 89555",08107
540,Cyprus,West Hollyhaven,Kimberly Divide,91830,"1134 Nielsen Canyon
West Christopher, KS 43069",54128
541,Malaysia,West Donaldmouth,Joseph Bridge,19262,"224 Hoffman Valleys
New Elizabethville, UT 60547",04026
542,Azerbaijan,West Elizabethside,Reyes Terrace,804,"88446 Kathryn Trail Suite 107
Cameronborough, DE 52612",23945
543,Slovenia,North Vickie,Ashley Mountains,4178,"55700 Smith River Suite 329
East Hollychester, AS 89942",68435
544,Aruba,North Michael,Valerie Extension,964,"85419 Connie Estates Apt. 449
Hoffmanchester, PW 21125",21441
545,Netherlands,Emilyville,Stevenson Fort,38270,"848 Mclaughlin Tunnel Apt. 484
Mauricehaven, OK 37315",87332
546,Saint Barthelemy,Sanchezbury,Hopkins Terrace,9188,"2315 Amanda Station Suite 062
South Tracimouth, MI 38741",57940
547,Kenya,West Marthatown,Krystal Roads,09054,"0346 Cory Square Suite 483
East Nancymouth, TN 78483",34791
548,Myanmar,Wesleyshire,Carpenter Station,34678,"0514 Gill Expressway Apt. 852
Ronniemouth, KS 46873",15989
549,Portugal,North Carlfurt,Stewart Courts,147,"12580 Martinez Street
Nelsonshire, PW 28884",39189
550,Pakistan,Christianland,Barber Overpass,511,"884 Robert Brooks
Brandonbury, AS 32860",76431
551,Comoros,East John,Lane Parkway,3932,"229 Danny Hills
Lucastown, KY 70690",24374
552,Belarus,Lake Carl,Smith Expressway,24107,"01213 Krista Causeway
Garciamouth, FL 33518",01081
553,Croatia,North Adam,Romero Mission,27371,"Unit 7921 Box 0720
DPO AA 24355",77691
554,Libyan Arab Jamahiriya,Spearsfurt,Vaughn Well,0093,"28245 Andrew Crossroad
North Randall, RI 89429",52148
555,Tonga,Lorrainemouth,Garcia Estates,942,"USS Kim
FPO AE 30506",50191
556,Montserrat,Jamesberg,Holt Wells,938,"60660 Rivera Lodge
Port Tracyborough, AS 60573",46723
557,Gambia,Port Ashley,Kimberly Crossing,95952,"9761 David Rest
Daletown, WI 44789",17561
558,Sudan,Colemanmouth,Stevens Parkway,949,"PSC 2885, Box 3936
APO AA 42361",05417
559,Germany,North Christinaton,Hayes Parkways,243,"5669 Shelly Locks Suite 723
Hansonburgh, DC 96838",92745
560,Papua New Guinea,Ginastad,Bauer Walk,290,"448 Stacey Branch Apt. 870
Patriciaberg, MH 18789",45041
561,Albania,Dudleyside,Miller Vista,12945,"4804 Baker Mall
Port Ryan, KY 99522",52712
562,Barbados,Gabrielmouth,Hatfield Pike,35584,"3813 Chase Mountain Suite 932
Carterberg, MH 46541",68257
563,Turks and Caicos Islands,Derrickmouth,Lauren Summit,719,"43352 Henderson Locks Apt. 290
Port Michaelfurt, NE 73485",99485
564,Costa Rica,New Angela,Noah Mission,2798,"46187 Kaitlyn Radial
East Amandaburgh, SC 22742",54678
565,Netherlands Antilles,Wyattville,Paul Lock,40374,"648 Grant Valley
Paulside, OH 90685",51763
566,Palau,New Mikechester,Ramirez Islands,065,"8611 Berg Squares Suite 779
Walkerville, ID 80546",36591
567,Norway,Zoeside,Soto Track,49129,"29646 Richards Island Suite 754
South Jenniferhaven, CA 69330",67897
568,Croatia,North Matthewbury,Franco Stream,2151,"96543 Elliott Rapids
Port Antonioland, NY 82329",30626
569,Denmark,Kaylastad,Williams Orchard,742,"980 Glass Burgs
Landryport, MI 52670",76083
570,Lesotho,Port Gabrielstad,Wells Curve,367,"7361 Smith Centers
Lewisbury, VI 80022",35442
571,Cuba,Shannonchester,Mccoy Ways,9732,"701 Justin Fork
Richardstad, MS 82751",19544
572,Bahamas,East Ebonytown,Kimberly Vista,020,"9077 Johnson Bridge
East Ashleyhaven, PA 25631",72721
573,Hungary,Jamesbury,Nicole Street,141,"817 Wesley Squares
Davisburgh, IL 98552",30894
574,Guatemala,Sheilaview,Golden Terrace,71015,"7891 Melanie Rest
Thompsonside, ID 66067",14736
575,Colombia,Millershire,Walsh Mews,5367,"646 Graves Plains Suite 071
North Jeremiahchester, HI 67927",87830
576,South Africa,North Karlbury,Moore Run,286,"874 Diane Shore Suite 819
Gardnerborough, IN 23700",00918
577,Puerto Rico,Barnettshire,Antonio Manor,265,"7798 Robinson Streets Suite 119
Alexandrafort, FL 28367",91835
578,Martinique,East Michael,Mcgrath Lane,5643,"Unit 9847 Box 6542
DPO AE 82632",64671
579,El Salvador,Dawntown,Allen Cliff,8909,"93775 Colleen Hollow
East Laurenbury, NH 85047",50002
580,Ethiopia,Andersonmouth,Donna Row,56267,"0119 Jason Isle Suite 246
Wallport, NM 27375",93305
581,Malawi,Cindymouth,Evan Turnpike,75943,"9819 Collins Key Suite 362
Dawsonland, PA 99684",22894
582,Lao People's Democratic Republic,Tylerside,Carr Land,0320,"28141 Rachel Burgs Apt. 408
Bradleystad, RI 70571",89783
583,Niue,Ashleyland,Rogers Camp,2193,"17395 Marcus Corner
New Erik, AL 23832",25917
584,Germany,East Mauriceburgh,Mark Drives,50423,"197 Christine Summit Apt. 142
Jacquelinefurt, NJ 71310",94533
585,Czech Republic,West Tiffanyfurt,Christopher Parkway,61647,"PSC 3692, Box 4826
APO AA 00714",89782
586,Bouvet Island (Bouvetoya),Port Angelaton,James Plains,074,"411 Paula Streets Suite 309
Joshuahaven, NV 16263",13069
587,Kenya,Fullermouth,Mary Freeway,42396,"75391 Gross Mission Apt. 379
East Brianborough, AR 39230",78549
588,Albania,Mathewburgh,Hensley Gardens,0454,"3311 Steven Route Suite 252
North Leslietown, ME 10908",01583
589,Taiwan,Hansenstad,Kyle Mountain,9471,"9319 Thomas Islands Apt. 118
Brownfurt, ID 28222",14921
590,Tunisia,Smithport,Brown Streets,650,"3300 Patton Mountains
Lake Carl, AL 43775",14088
591,Gambia,Scottburgh,Melissa Inlet,93346,"3183 Joy Port
Hernandezland, NE 84693",01483
592,Mauritius,New Kevin,Mathew Key,9063,"91968 Christina Club
Nelsonburgh, NJ 84790",79542
593,Nicaragua,South Darren,Gonzales Run,20807,"3092 Amanda Way Suite 826
Martinezchester, CT 59564",33299
594,Malaysia,North John,Elliott Lodge,784,"8241 Stephanie Mall Apt. 975
Lopezchester, SC 72253",44891
595,Afghanistan,Tylermouth,Mclaughlin Trafficway,4843,"20843 Taylor Summit Suite 099
Jacquelinestad, OH 27917",84918
596,Bermuda,New Christopher,Danielle River,2256,"48741 Sanders Alley
Nancyside, GA 20298",73820
597,Cocos (Keeling) Islands,Williamsport,Amanda Creek,892,"81712 Daniel Viaduct
North Alexisview, KS 82260",94022
598,Lesotho,North Scott,Mendoza Pike,58638,"1410 Elizabeth Roads
West Elizabethville, OH 53351",15904
599,Ireland,Davidchester,Salinas Valleys,960,"USNS Smith
FPO AE 50828",64795
600,Cyprus,South Meredith,Jason Inlet,40064,"14540 Roberts Terrace Suite 166
Frankbury, PW 84221",36278
601,Haiti,Carrberg,Jose Street,19966,"41599 David Mountain Suite 009
West Shannonstad, OH 69615",24723
602,Trinidad and Tobago,North Josephville,Ryan Landing,61848,"Unit 9432 Box 1378
DPO AE 13396",51719
603,Bahamas,Diazburgh,Kelly Harbors,87779,"49401 Paula Avenue Suite 524
New Jeremystad, NV 10010",24186
604,Sierra Leone,West Jason,Kyle Locks,493,"19946 Townsend Bypass Suite 960
Kimberlyfurt, NY 25214",89724
605,Reunion,Mccannbury,Harris Mission,667,"555 Jones Key
East Amanda, WA 23513",65095
606,Greece,Lake Kathleen,Scott Road,56304,"086 Michael Viaduct Apt. 563
Daniellefurt, NM 85289",98465
607,Brazil,Mariaborough,Daniel Wells,0169,"3139 Lindsey Path Suite 261
Rhondaland, CT 65068",98953
608,Philippines,South Jessicaborough,Mccormick Brooks,255,"005 Tate Prairie
Port Brian, MI 58071",41741
609,Isle of Man,Jasonshire,Kathleen Walk,19683,"954 King Hill Suite 739
South Danielville, AR 14213",93759
610,Cocos (Keeling) Islands,West Sandra,Donald Ferry,39945,"699 Moore Glens Apt. 313
Lake David, WI 05424",61575
611,Macao,Jeffreyville,Lambert Square,836,"377 White Club
South Andrea, TN 80958",71437
612,Hong Kong,Briggsside,Angela Hollow,22166,"6560 Hunt Trace
Danielstad, FM 68316",25945
613,French Southern Territories,Zamoratown,Cynthia Ports,141,"Unit 2764 Box 2845
DPO AE 72910",50146
614,Malawi,Adamston,Barker Cape,84378,"PSC 9420, Box 6912
APO AA 90734",41762
615,Chad,West Julie,Jesus Square,0361,"USS Williams
FPO AE 54395",38946
616,North Macedonia,Angelicamouth,Lynn Drive,65322,"Unit 5628 Box 8163
DPO AP 67634",49278
617,Spain,East Danielle,David Ridges,15850,"788 Stephanie Harbors Suite 019
Jaredberg, TN 66385",82582
618,Palestinian Territory,North Rachel,Dustin Square,6025,"426 Tina Parkways Suite 421
Jodyfurt, PR 08858",26990
619,Germany,Albertmouth,Katie Crest,74640,"Unit 7838 Box 8973
DPO AE 93116",02598
620,Antarctica (the territory South of 60 deg S),Rachelland,Quinn Port,5629,"951 Holt Views Apt. 364
East Tom, OH 01157",54412
621,Colombia,Katrinaborough,Phillip Meadow,32645,"945 Avery Lodge Suite 319
Lake Nicholas, MP 76054",16429
622,Bulgaria,Richardsonborough,Matthew Stravenue,3711,"77390 Craig Mountain
Maldonadobury, RI 80398",21717
623,Italy,East Rodney,Washington Walk,084,"766 Caroline Lakes Apt. 339
Jeffreyberg, PR 33130",85826
624,Gibraltar,East Janeview,Marc Street,677,"50544 Rhodes Trace
Lake Arianatown, PW 34194",03381
625,Thailand,Harrisonshire,Hill Flat,419,"57330 Goodwin Light Suite 929
Clintonview, HI 64049",35814
626,Kenya,South Ricky,Breanna Walks,50441,"2506 James Falls Apt. 267
Palmermouth, UT 99584",47032
627,Tajikistan,Bradleymouth,Charles Squares,05951,"29959 Brittany Motorway
Ramirezburgh, CO 07071",75154
628,Malawi,South Gary,Paul Branch,853,"00977 Sheila Stream
Rickhaven, MP 46504",71865
629,Estonia,Kellifort,Ian Views,6396,"8281 Joseph Stream
Lake Amandaland, AS 88936",83439
630,Mali,Hillmouth,Norman Skyway,119,"7396 Blair Island Suite 555
Ortizmouth, TX 81568",14465
631,Hong Kong,Brittanyhaven,Powell Manors,09323,"15210 Kara Glen Apt. 172
Evelynview, ME 32552",99388
632,Niue,East Bobby,Marks Plaza,40362,"823 Blake Ports Suite 292
Jessicafort, OK 52130",23173
633,Mayotte,West Miguelview,Chloe Orchard,0836,"049 Keller Camp Suite 010
Cristianmouth, ME 06410",86206
634,Sweden,New Natalieland,Meyer Fork,574,"96810 Hunter Loop
Booneburgh, NC 10732",62655
635,South Africa,Whiteview,Jennifer Pine,961,"562 Gabrielle Plains
Rileychester, WI 63576",09291
636,Russian Federation,Taylorport,Fuller Forest,595,"7337 Vega Rue
Lake Brian, CO 02700",16028
637,Qatar,North Kimberlyland,Garcia Circle,241,"408 Keith Pass
East Patrickfurt, OR 71855",44187
638,Rwanda,Patriciamouth,Rivera Islands,966,"075 Matthew Village Suite 071
Jacksonside, CT 24777",97557
639,Nicaragua,Robertsland,Stewart Trafficway,11160,"89527 Cherry Cove Apt. 358
Kelseyborough, OR 64558",69936
640,Chad,Fryechester,Fisher Turnpike,27097,"USCGC Hogan
FPO AP 79101",13268
641,United States of America,Taylorton,Renee Trail,7205,"604 Jerry Burg Suite 071
Barnettton, IA 90467",05597
642,Malta,Emmafort,Ramos Garden,940,"0196 Cindy Dale
Beckside, WV 97485",38509
643,Papua New Guinea,Tammymouth,Jesse Road,204,"5672 Daniel Forest Suite 503
Port Briannaville, AK 67923",40050
644,Algeria,Port Teresa,Greer Forge,1013,"4518 Michael Heights
Wellston, OR 50614",36288
645,Haiti,West Anne,Kimberly Mountains,31355,"5076 Boyd Extensions Apt. 784
Williamtown, TX 03132",79396
646,Kenya,Rhondaburgh,Heather Port,18273,"06915 Rebecca Radial
Reeveston, WI 75580",20644
647,Angola,South Sylvia,Sharon Crest,56711,"459 Jacob Ports Suite 843
Port Pattyfort, LA 42007",38582
648,Faroe Islands,East Jenniferbury,Pace Forge,5568,"96471 Jasmine Canyon
East Austinstad, MI 63727",76939
649,Falkland Islands (Malvinas),Port Ryan,Conley Heights,4096,"USNV Lutz
FPO AE 80743",71519
650,Czech Republic,Christopherville,Ford Square,512,"8460 Andrea Light Apt. 431
North George, UT 06085",43851
651,Kazakhstan,Port Johnside,Padilla Meadows,34197,"765 Trevor Courts
West Michael, PA 39220",22607
652,Serbia,West Jasonberg,William Mews,0241,"11398 Sutton Orchard
Lake Lorimouth, MS 91429",65787
653,Australia,Petertown,Louis Village,208,"PSC 2434, Box 4517
APO AE 99848",92735
654,French Guiana,Lake Ashley,Michael Views,5112,"38487 David Rue
Port Brandy, ME 83296",82113
655,El Salvador,West Nathanville,Watson Vista,630,"32293 Marks Extension
Laurenview, MO 30615",17782
656,Kazakhstan,Howardside,Phillip Terrace,54216,"PSC 5341, Box 7026
APO AP 85673",85638
657,India,Sarahfurt,Courtney Estate,73723,"546 Case Overpass
New Danielport, PR 91878",29994
658,Nepal,Carolfort,Mejia Lights,705,"99264 Julie Summit
North Ashley, WI 17977",10280
659,Myanmar,Lowehaven,Phillips Pines,232,"69990 Smith Valleys Apt. 490
West Michaelchester, OH 63617",61535
660,Moldova,Port James,Rebecca Drives,46234,"6079 Figueroa Green
East Dustin, LA 46411",10857
661,Guinea,Port Antonio,Wilson Ports,8063,"210 Patel Mission
Escobarton, RI 01114",97975
662,Djibouti,New Jessicaport,Castro Cliff,234,"51299 Gregg Islands
Brianberg, RI 83182",72736
663,Cocos (Keeling) Islands,North Rachelview,Amy Trace,37969,"25901 Jones Cliffs Apt. 744
New Brookehaven, CA 14009",30651
664,Nepal,Sanderston,Pearson Ford,60921,"Unit 0984 Box 2718
DPO AE 69246",32433
665,Antigua and Barbuda,Youngton,Hall Walk,2012,"0431 Christopher Mall
North Randyhaven, ND 87230",91564
666,Kuwait,Lake Dennis,Henderson Walks,1720,"13644 Gibson Pike
Loganstad, CA 03545",05709
667,Kyrgyz Republic,Michelleshire,Hanson Loaf,72560,"3833 Roberts Mall Apt. 008
South Angelaberg, NJ 20024",65987
668,San Marino,Jenniferfurt,Wheeler Brooks,15746,"567 Thomas Inlet
New Janetbury, VA 94791",96410
669,Vanuatu,Campbellbury,Brown Mews,0519,"72517 Bradshaw Pines Apt. 916
East Emily, AK 14823",78495
670,Botswana,New Chelsey,Castillo Ferry,09634,"2429 Stephen Walks
North Nicoleside, AS 64791",76499
671,Lao People's Democratic Republic,West Samuel,Swanson Spring,380,"3585 William Trafficway Apt. 117
South Allisonhaven, WY 16987",94016
672,Sri Lanka,East Hannah,Oneal Via,58374,"PSC 7779, Box 4092
APO AP 85140",33995
673,Kiribati,New Miguelborough,Roger Tunnel,66861,"98067 Dawn Rest Suite 660
Bishopshire, SC 72592",88273
674,Mali,South Brett,Tucker Cliffs,225,"19400 Jasmine Turnpike Apt. 934
South Lawrencetown, IL 80803",46906
675,Brunei Darussalam,Port Cheryl,Jonathan Common,507,"241 Christopher Centers Suite 516
Port Sharon, IL 65894",99538
676,Saint Kitts and Nevis,Thompsonstad,Warren Ridges,900,"13487 Samantha Loop Suite 889
Robinfort, IA 31142",88554
677,Albania,East Andreaberg,Claudia Lodge,762,"85813 Richard Track Apt. 729
Oliviamouth, SD 91571",63259
678,Palestinian Territory,South William,Michelle Vista,2395,"44578 Sanders Parkway
Brettbury, VA 60420",34383
679,Guyana,Roweview,Smith Keys,598,"2143 Daniel Ports Suite 268
Port Maryberg, MS 32730",80728
680,Poland,Port Zachary,Fuller Ranch,1704,"5868 Terry Courts
East Jack, MO 46394",85767
681,Congo,Port Philipview,Eric Port,200,"1924 Robert Harbor Apt. 155
South Emily, NY 55672",99714
682,Switzerland,East Victoria,Moore Pike,5842,"861 Deborah Pines Suite 388
New Albertstad, WV 14886",99571
683,Angola,South Victoria,Justin Cape,3870,"90109 Daniel Lock Suite 944
Lake Joshua, NC 48994",42758
684,Yemen,East Alexandrastad,Mary Tunnel,490,"263 Gamble Road
Robertview, MA 10354",39615
685,China,Jasonfort,Kathleen Tunnel,71055,"0799 Robert Manors Apt. 706
North Antonio, FM 72863",87978
686,Niger,Gonzalesville,Macias Mountain,427,"2306 Emily Orchard Suite 235
Hartbury, FL 86055",32341
687,Indonesia,Michelleview,Ryan Freeway,7764,"775 Thornton Inlet
East Catherinestad, NJ 19323",26035
688,Congo,New Ericport,Mercado Stravenue,42148,"765 Edwards Junction
Christyshire, IL 14215",87982
689,Sao Tome and Principe,Angelaton,Ashley Loop,03631,"534 Edwards Expressway
Adamsside, AK 92554",05114
690,Pitcairn Islands,Lake Vincentchester,Jones Gardens,29036,"114 Christopher Lakes Suite 505
Wilsonchester, IN 17659",77239
691,Uruguay,North Timothy,Raymond Curve,965,"81970 Yvette Fields Suite 020
North Kellyville, PW 66311",13318
692,Antarctica (the territory South of 60 deg S),Sanchezhaven,Steven Shore,3745,"660 Vaughn Harbors
New Nathanton, WV 63133",10213
693,Aruba,Rhodesshire,Amanda Cape,3590,"3597 Burns Fork Suite 629
New Kelly, AK 85725",75675
694,Egypt,Mezaport,Daniel Stream,824,"4722 James Hollow
Williamsside, WI 42158",67081
695,Tuvalu,Ruizbury,Jeffery Row,831,"140 Matthew Lights Suite 352
Stevenburgh, GA 39814",78223
696,South Georgia and the South Sandwich Islands,East Joy,Willie Manor,3070,"7968 Thomas Spur
North Tracey, HI 39090",83943
697,United Kingdom,New Kristytown,Evans Ports,8981,"3370 Lewis Courts
New Julie, MN 67297",68502
698,Gabon,Joanshire,Kayla Key,761,"20644 Michele Manors
Valeriefurt, IA 25775",78685
699,Mexico,West Bernardchester,Mcbride Point,622,"601 Castro Shoal Apt. 319
New Sethstad, FL 63808",41149
700,Cote d'Ivoire,Jonesstad,Jasmine Fort,85523,"28818 Clay Lodge
Sarahmouth, MA 45521",48587
701,Switzerland,Hugheshaven,Monique Rapids,794,"5726 Jason Loaf Suite 830
Gregoryland, SD 24903",50605
702,Western Sahara,New Christopherstad,Marsh Rue,972,"9304 Mark Dam
Ryanfurt, PR 58105",52990
703,Uruguay,New Lindamouth,Cory Shore,928,"424 Robert Squares
East Joseph, TN 49544",72109
704,Greenland,New Colleen,Nicholas Ridges,301,"91523 Jackson Parkways
Port Rogermouth, IA 33667",82748
705,Micronesia,North Antonio,Wang Roads,9103,"97176 Michael Club Suite 154
Hodgesview, NC 11805",22566
706,Panama,Williamshaven,Hernandez Crossroad,49152,"765 Williams Ports Suite 923
Thomaston, LA 58813",03486
707,Malawi,Ayalaville,Keller Walks,473,"411 Max Corner Apt. 588
Hansonbury, AR 54687",26920
708,Turkey,Port Barbara,Bennett Vista,0777,"22041 Lisa Views
Fletcherville, MO 62119",87368
709,Vietnam,Lake Omar,Johnson Mountains,6118,"4374 Mccarthy Stream
Port Terri, NC 53237",71336
710,Dominica,Whiteport,Kenneth Mill,55270,"USNS Chen
FPO AA 42436",30765
711,Guyana,New Rachel,Holland Circles,908,"654 Christopher Pine Suite 720
Sanchezfurt, MA 11770",94381
712,Papua New Guinea,North Amber,Wood Expressway,87481,"983 Jeffrey Pike
Wayneburgh, UT 47427",93678
713,Cocos (Keeling) Islands,Hesterbury,Donna Lights,43935,"7940 Hinton Gateway Suite 016
New Timothyport, MS 53551",92683
714,Saudi Arabia,South David,Jennifer Burgs,736,"53643 Moody Fields
Mosstown, OR 59451",93039
715,Reunion,Chapmanville,Alyssa Cliff,3404,"227 Rios Flat Apt. 069
Port Carlosland, GA 23185",88078
716,Somalia,East Ashleyshire,Pedro Place,75786,"950 Megan Oval
Meghantown, FM 11135",91060
717,Malawi,South Rachel,Keller Terrace,48175,"Unit 3229 Box 3849
DPO AE 14911",03669
718,Angola,West Mark,Aaron Creek,1339,"575 Carlson Gateway Apt. 507
Michaelborough, SD 54399",24033
719,Spain,Smithfort,Brooke Pass,325,"29823 Christopher Crossroad Apt. 661
North Emmafurt, ME 13299",33898
720,Namibia,New Jackie,Morgan Inlet,131,"83021 Smith Parkways Apt. 535
Josephbury, OK 68938",00626
721,Liberia,Lake Catherine,Mason Estates,596,"4892 Williams Manors Suite 060
Port Shawnastad, AR 47308",55351
722,Morocco,West Christieside,Hebert Route,2036,"42399 Sean Cliffs
East Bobbyview, OK 75851",72464
723,Spain,Beckyton,Janet Cliffs,016,"0166 Ross Parkway Suite 332
Pattonland, AR 77613",27598
724,Finland,North Lisa,Roberts Keys,0954,"860 Wolfe Streets
East Larrychester, MP 63603",63668
725,Equatorial Guinea,Morriston,Jones Mission,3385,"41764 Elizabeth Ranch Apt. 096
Port Shirley, UT 06535",56809
726,Sweden,West Scott,Bradshaw Loop,4430,"097 Rachel Spring Suite 969
Reedside, UT 54456",51877
727,Lithuania,Beststad,Barrett Springs,690,"228 Jones Glen Apt. 010
Port Karen, SC 80290",02200
728,Martinique,Roseburgh,Bruce Branch,4973,"Unit 3115 Box 0391
DPO AE 19969",07503
729,France,East Johnhaven,Wyatt Dam,3369,"73097 Austin Fall
West Dominique, AK 03054",24438
730,Haiti,Lake Ryan,Christina Crescent,2268,"2705 Dorsey Brook Apt. 955
North Kimberlyville, GA 03208",09916
731,Djibouti,Melissamouth,Kristen Bridge,498,"41878 Kyle Loop
Antoniobury, PR 01397",36467
732,Senegal,Russellbury,Lopez Falls,25953,"474 Jensen Forest
Bennettland, AL 06472",41184
733,Lebanon,North Lauren,Denise Meadow,6992,"PSC 1815, Box 4241
APO AE 16667",38331
734,Uganda,East Kristen,Renee Ridge,6296,"1981 Phillips Ramp
Port Brandon, PR 92960",85627
735,Bulgaria,Danielletown,Dougherty Falls,34327,"613 Daniels Isle Suite 525
East Katrina, MN 11739",23660
736,Lao People's Democratic Republic,Meyerhaven,Joshua Drive,017,"8284 Jackson Port Suite 536
Lake Richard, IN 64039",24276
737,Malta,Bradleyshire,Miller Squares,503,"2204 Espinoza Spurs Apt. 816
West William, CT 28678",47021
738,Swaziland,West Troy,Campos Falls,83569,"93768 Knight Turnpike
East David, ME 34241",84842
739,Mauritius,Garyport,Campbell Stream,95734,"59340 Allison Tunnel
North Francisco, VA 15494",09517
740,Romania,East Yolanda,Berger Passage,43117,"7547 Dillon Lake
East Laura, WI 68894",13749
741,Finland,Mcbrideshire,Walter Passage,511,"482 Nicholson Springs
South Rodneyside, OK 32451",70972
742,Mauritania,Wrightport,Travis Ports,9702,"5877 Ronald Fall
Ravenview, WV 96209",93391
743,Mongolia,West Danielberg,Kimberly Land,49039,"588 Stephen Shores Suite 405
East Barrytown, TX 98203",34027
744,American Samoa,New Bradley,Brian Throughway,5564,"16928 Manning Ville
North Elaine, WI 44409",15040
745,Vanuatu,Lake Tammyhaven,Brenda Viaduct,6758,"365 Shannon Tunnel
New Justinfurt, TX 71765",98714
746,Martinique,Fordmouth,Moore Crossing,121,"183 Lawrence Summit Apt. 818
Mooreshire, GA 94675",13969
747,Bouvet Island (Bouvetoya),Patrickbury,Lee Light,13334,"82824 Jensen View Suite 301
West Christophermouth, SD 91556",17089
748,Germany,South Williamtown,Gomez Lodge,7990,"42011 Chad Trail Apt. 427
Port Cheryl, NY 57497",35073
749,Syrian Arab Republic,Lake Carolyn,Cisneros View,295,"9908 Downs Walks Apt. 819
Stevenview, KY 32592",48254
750,Romania,Petersontown,Mcmillan Summit,99200,"795 Burton Fort
East Whitneyport, PW 78894",87233
751,Yemen,South Josephborough,Daniel Walks,52911,"12660 King Spurs Suite 220
Masonview, VT 70009",72531
752,Tuvalu,Hicksland,Bennett Ridge,9931,"41953 Taylor Land
Rogerchester, DE 37874",37648
753,Turkmenistan,Pattersonland,Yolanda Rapids,1742,"3715 David Green
Andradeview, AS 92723",60996
754,Djibouti,Lake Mitchellfort,Shane Junction,77485,"985 Reynolds Ridges Apt. 314
Port Christophermouth, NE 09591",80248
755,Tanzania,Ashleyhaven,Richard Plains,76866,"8960 Sharon Fort
New Carl, LA 08411",60908
756,Malta,Port Anitachester,Davis Isle,69354,"06479 Daniel Shoals
West Kristinefort, FM 44188",12511
757,Congo,North Greg,Samantha Brook,046,"14736 Timothy Islands Suite 139
South Valerieberg, WA 83445",42103
758,Ukraine,North Jesse,Samuel Manors,74061,"4486 Jackson Tunnel Apt. 443
Griffithberg, CT 71283",97074
759,Lithuania,Michelleside,Diaz Lakes,83879,"14078 Allen Heights Apt. 383
Kariport, PR 61769",12901
760,Liberia,New Cynthia,Owens Mountains,0928,"Unit 7992 Box 1254
DPO AP 71376",46308
761,Benin,New Donald,Martinez Knolls,67870,"7780 Rebecca Freeway Apt. 590
Aliciatown, ID 69178",49333
762,Azerbaijan,Port Kevin,Sanchez Ports,928,"737 Jennifer Shoal
Luceromouth, LA 49413",01517
763,Comoros,North Mackenzie,Simpson Terrace,69557,"218 Julia Lodge Apt. 635
Andersonmouth, NE 69699",93433
764,Kiribati,New Rebecca,Dana Valley,439,"4939 Courtney Meadow Suite 276
Hillland, DC 85490",80348
765,San Marino,West Courtney,John Ways,0950,"359 Flores Stravenue Suite 193
Robertsonview, MA 34336",18064
766,Guernsey,Stricklandburgh,Alexander Ranch,95451,"02988 Carter Vista Suite 431
Robinsonfort, MA 80401",19915
767,Cayman Islands,North Troytown,Robinson Loaf,072,"238 Griffin Lodge Apt. 140
North Rachelmouth, NY 45062",25231
768,Dominican Republic,Port Paulview,Amy Spur,625,"USCGC Allen
FPO AE 34562",58615
769,Nicaragua,East Patrick,Elliott Summit,685,"7183 Mendoza Loop
Moniquefort, DC 35629",43768
770,Yemen,Michaelview,Jonathan Club,0007,"381 Aguilar Loaf
Wellsport, MP 84009",12751
771,Burkina Faso,Port Alexanderhaven,Mccall Rapids,14512,"306 Gary Estate Apt. 730
North Robertfurt, IL 41802",93228
772,Armenia,Port Kathryn,Austin Rue,9653,"7392 Rebecca Spring
New Alisha, PA 81558",01806
773,Eritrea,Mccoyburgh,Rebecca Fords,8739,"USS Cobb
FPO AA 84056",14712
774,Argentina,Fergusonhaven,Grimes River,1394,"1140 Jason Spurs Apt. 111
East Jamesbury, HI 78729",15816
775,Norfolk Island,Judytown,Bethany Square,52069,"0884 Olsen Green Suite 534
Wilsonville, NH 32871",99236
776,Qatar,Jenniferbury,Woods Valleys,4713,"USNS Bailey
FPO AP 34478",50299
777,Australia,East Luis,Reed Plain,70988,"93916 Carpenter Row Apt. 804
Smithport, MP 63121",32438
778,British Virgin Islands,Pearsonstad,Tina Ferry,228,"5449 Anthony Mount Suite 215
Romanbury, OR 23028",41062
779,Western Sahara,East Jorgeland,Zachary Ford,85393,"9217 Robles Groves
Dominicchester, GA 22727",81941
780,Romania,Robinsonborough,Rhonda Green,604,"172 Mccall Vista Suite 672
Conwayland, CA 77776",08415
781,Gabon,Odonnellland,Lopez Crossing,9229,"0998 Charles Station Apt. 841
New Jeremiahmouth, MH 97713",26811
782,Guatemala,Jamesville,Long Manor,98082,"38750 Roy Loop
Kaitlynmouth, MS 18620",26724
783,Bahamas,Foxbury,Meyer Hills,9539,"5336 Harris Key
Crystalmouth, CO 78550",68405
784,Bahrain,Mullenshire,Aaron Motorway,050,"349 Flores Courts
Joanburgh, CO 45984",19499
785,Burkina Faso,Ochoaborough,Shannon Views,1142,"53051 Doyle Green Suite 463
New Jamesberg, IA 25634",98385
786,Spain,Sandraland,Katie Club,179,"51899 Tracy Spring
Davidstad, MA 93792",47674
787,Nigeria,New Ericashire,Kathryn Brook,31640,"5279 Grant Park Apt. 918
South Karenmouth, DE 41892",82988
788,Malaysia,New Amanda,Garcia Station,3974,"160 Andrew Drives Suite 475
East Ericashire, GA 34055",61971
789,Saint Kitts and Nevis,South Jasonbury,Joseph Unions,544,"22938 Robert Island Apt. 096
Smithshire, SC 40870",24823
790,Saint Vincent and the Grenadines,New Edwin,Meagan Neck,801,"93743 Williams Mall Apt. 440
Jacksonport, SD 49007",22902
791,Sri Lanka,Matthewmouth,Amy Crescent,70731,"359 Barton Prairie Apt. 889
East Shawn, MO 08376",00774
792,Sao Tome and Principe,Riostown,Nolan Circle,84110,"618 Gibson Viaduct Apt. 391
Port Amyborough, PA 95114",75860
793,Bosnia and Herzegovina,Brentton,Steven Harbors,603,"Unit 8917 Box 9591
DPO AP 43891",41059
794,Saint Pierre and Miquelon,Randallland,Jenkins Mountain,11140,"42697 Bradley Road Apt. 654
Port Bethany, MN 69419",58034
795,Bulgaria,Kellyville,Stevens Pines,878,"1340 Dorothy Roads Apt. 923
Port Anita, AS 78166",15181
796,Sudan,Kevinshire,Hodges Hill,819,"9538 Michael Lake Apt. 390
Port Michael, WA 02404",13701
797,Heard Island and McDonald Islands,Lake Andrea,Vickie Greens,47976,"09256 Miles Circles Apt. 310
Lake Richard, NV 22377",08445
798,Malawi,Port Rebecca,Cohen Village,726,"Unit 3936 Box 9534
DPO AE 87006",50865
799,Netherlands Antilles,Port Holly,Miller Cliffs,315,"2876 White Roads
Port Amytown, OH 99021",18188
800,Comoros,Port Margaretside,Curry Street,593,"30158 Mark Locks Apt. 083
South Edwardborough, NJ 47378",33252
801,Dominica,Lake Kimberlyhaven,Lopez Rapids,56892,"8642 Moss Oval
Gonzaleston, CT 13046",04556
802,Estonia,West Julia,Simpson Fort,50084,"0622 Deborah Bridge
North Michael, TX 63508",37495
803,Iran,Ayersmouth,Williams Ridge,024,"730 Roberson Path
Jessicaburgh, AS 41833",51830
804,Sierra Leone,Combsbury,Chad Plaza,060,"5729 Victoria Vista
East Raymondshire, PW 47646",29829
805,Lesotho,Salazarborough,William Plains,77315,"73380 Christopher Trafficway
Nolanville, VA 54264",71454
806,Maldives,Keithfurt,Daniel Rapid,43684,"4105 Isaiah Path
Laurahaven, DC 54386",87080
807,Jordan,Kathyburgh,Robert Landing,968,"70666 Cristina Plain
Rileychester, NE 53615",04480
808,Mexico,West Yolanda,Cassandra Well,85763,"60049 Whitaker Ranch Apt. 239
Ballstad, MS 30831",76125
809,Tuvalu,Port Kevinstad,Veronica Alley,711,"18588 Brown Valley
East Cody, DC 60699",53301
810,Togo,Rittershire,Wright River,71556,"7119 Scott Creek
Sherrymouth, UT 27611",50412
811,Korea,Billyberg,Nathan Ramp,807,"06867 Elizabeth Mountain Suite 587
Port Meredith, ME 42573",69583
812,Chile,East Miguel,Thompson Springs,785,"797 Melanie Valleys Suite 825
North Brad, VI 82465",13922
813,Belize,Millerbury,Nicholas Brooks,58801,"12444 Walsh Keys
East Michaelview, CA 94475",53776
814,South Africa,West Thomasview,Cohen Squares,836,"9418 Patrick Neck Apt. 749
Butlerchester, VI 64000",29322
815,Niger,North Paulamouth,David Stravenue,3193,"9506 Corey Place Apt. 546
Meganport, HI 04265",92266
816,Ukraine,Port Oliviaport,Wesley Path,576,"524 Jake Mountain Suite 197
Ryanshire, HI 09071",44409
817,Vanuatu,Kevinborough,Nancy Pass,152,"9287 Kaitlin Freeway Suite 251
Patrickmouth, MT 07727",07262
818,Malaysia,Crystalmouth,Brenda Plains,96389,"3846 Juan Club
Haleyberg, MH 68520",20372
819,Saudi Arabia,North Scottmouth,Gary Motorway,5581,"885 Jennifer Mews Apt. 426
New Rachelside, KY 05628",96459
820,Yemen,Franklinhaven,Terri Garden,602,"261 Christina Course
Melissaborough, OK 44239",28506
821,Lithuania,Oliverton,Montes Dam,23921,"51294 Espinoza Island Suite 110
Smithton, GA 75863",24503
822,Saint Martin,Henryport,Howell Trace,0463,"6215 Sweeney Neck
South Henrystad, MH 66608",88528
823,Mozambique,West Staceyhaven,Savage Rapids,5392,"168 Hall Flats Apt. 921
Douglasmouth, MA 09071",18982
824,Isle of Man,West Wyattport,Glover Passage,15711,"70655 Taylor Cliffs
Stephenshire, SC 11193",84314
825,Portugal,Dawnville,Baird Common,829,"99654 Charles Valley
Port Jeffery, MH 63839",92421
826,Burkina Faso,Burkeburgh,Michael Rapids,749,"59013 Clark Locks Apt. 023
Port Nicholas, WV 39309",55838
827,Gibraltar,West Josetown,Hamilton Rapid,9323,"Unit 3419 Box 5746
DPO AA 22949",57318
828,Costa Rica,Dylantown,Debra River,501,"7536 Albert Wall Apt. 703
Lake April, MD 47516",61550
829,Benin,Martinezmouth,Moore Wells,691,"534 Villegas Pines
East Nathanielton, DE 51032",58811
830,Netherlands,Johnsonton,Wood Station,05787,"439 Whitney Ramp
East Crystalport, CO 39783",03351
831,Tokelau,East Davidfort,Clifford Trafficway,0117,"803 Kimberly Coves
North Markmouth, SD 66025",78045
832,Senegal,New Kristen,Friedman Lights,97435,"59757 Michael Lock
West Carrie, NH 45040",70677
833,Maldives,North John,Craig Shores,87916,"USNS Hess
FPO AP 93752",11553
834,Burkina Faso,Andreatown,Nancy Rest,0198,"857 Renee Bridge
Saraport, KS 47688",18657
835,Bangladesh,South Melissa,Powell Villages,5542,"777 Foster Circles Apt. 794
Randolphton, VT 63558",91132
836,Namibia,East Kelly,Margaret Corners,548,"548 Kelly Glens
Jamesfort, AL 62583",12703
837,Argentina,Jordanfort,Tara Station,95302,"6439 Alex Station Suite 401
Jameston, MA 73220",63028
838,Andorra,Samanthamouth,Soto Mall,599,"72945 Ricardo Landing
North Juliahaven, UT 17956",11259
839,Brunei Darussalam,West Courtney,Bailey Underpass,7878,"Unit 1919 Box 5847
DPO AA 39598",96190
840,Guinea-Bissau,South Jerryberg,Cameron Lane,37112,"581 Bentley Cliffs
Jessicabury, OK 72216",88958
841,Burundi,Normanborough,William Cape,88289,"54292 Shelton Fork Suite 392
Lake Matthew, WI 17753",13590
842,Western Sahara,Davidsonstad,Robbins Forge,238,"0964 Lewis Glens
East Elizabethfort, OK 73020",08817
843,Bulgaria,Barajasside,Barbara Crossing,66542,"14547 Vaughn Plains
North Karenberg, IL 27572",71904
844,Saint Helena,North Victoria,John Well,396,"87998 Elizabeth Track
New Debra, NM 34165",93077
845,British Virgin Islands,Garciachester,Zachary Branch,9545,"35612 Johnson Station
New Kevin, MO 22587",87892
846,Austria,Brownport,Ashlee Hill,6175,"USNS Wells
FPO AA 55823",62740
847,Kyrgyz Republic,Ravenmouth,Shannon Prairie,60721,"7987 Brittany Stravenue
Lake Laurenton, OR 64199",18343
848,Peru,North Joshua,Kristin Branch,984,"853 Angela Village
Biancamouth, PW 54061",78919
849,Malawi,Jamestown,Christine Underpass,26874,"7804 Jordan Stream
West Breanna, KY 25584",54344
850,Tokelau,North Derek,Davis Route,8984,"PSC 3477, Box 4100
APO AA 21233",05990
851,Martinique,Santosfurt,Mcdonald Vista,337,"15214 Payne Overpass Suite 749
Julieshire, RI 18934",85406
852,Cuba,South James,Brittany Knolls,309,"37857 Ramsey Ford Apt. 979
North Amy, GU 35193",60162
853,Kazakhstan,Lake Sarahville,Ray Tunnel,681,"89273 Kristen Parks
New Joshuaside, WY 37193",12390
854,Swaziland,Port Robertstad,Turner Harbor,7250,"4655 Stark Harbor
New Oliviaside, ND 75504",69655
855,Tanzania,Farleyburgh,Peter Viaduct,64056,"67914 Mason Views
Lake Charlesbury, GU 23497",25367
856,Puerto Rico,New Ryan,Mitchell Rapids,5231,"6361 Chambers Trafficway
East Amandaland, KY 84332",38669
857,Kiribati,North Nancyborough,Kim Avenue,18887,"9804 Maurice Grove Apt. 398
North Robert, PR 18746",26369
858,Niger,South James,Matthew Springs,72757,"0564 Hunter Road Suite 205
New Daniel, AK 37790",14739
859,Suriname,Sandrafurt,Cox Rest,1265,"69527 Wilson Lodge
New Andrew, MS 69814",93441
860,Reunion,Wilsonhaven,Alisha Springs,72127,"Unit 3663 Box 2537
DPO AA 40615",50319
861,Bosnia and Herzegovina,East Brian,Hurst Branch,6128,"02894 Fisher Lodge
Melindashire, KS 33823",65972
862,Netherlands Antilles,Port Philipfurt,James Fords,04779,"081 Cox Centers
Adamsville, MH 02111",32853
863,Mali,Johnsonchester,Bartlett Extensions,507,"821 Autumn Turnpike
Port Jose, NM 91582",83665
864,Pakistan,Lake Stacyside,Scott Wall,3992,"433 Miranda Cliffs
Port Kelly, OH 81495",78686
865,South Georgia and the South Sandwich Islands,New Antonio,Vincent Bypass,6847,"53034 Taylor Summit
North Nancyhaven, LA 63074",62283
866,Bangladesh,New Johnborough,Dickson Meadows,946,"0930 Amanda Oval Apt. 590
South Andrew, CA 24086",43469
867,Puerto Rico,Barnesmouth,Terry Fords,336,"946 Nicholas Bridge
Ericksonmouth, CA 43276",46739
868,Zambia,Patriciafort,Sandra Flat,66825,"16515 John Estate
Tristanshire, HI 71935",79451
869,Netherlands,Lake Kelly,Nicole Plaza,546,"4546 Brandon Forest
East Heathermouth, MT 91493",93053
870,American Samoa,Jonestown,Philip Shoal,084,"945 Snyder Knolls Apt. 310
North Juanbury, KY 28527",72868
871,Bosnia and Herzegovina,Port Alex,Shawn Drives,4063,"160 Joel Tunnel
Johnstad, NV 91960",72075
872,Malaysia,Conleyland,Christopher Estate,86226,"012 Brady Field
South Sharon, ID 79174",63477
873,Gabon,Erinchester,Olson Springs,2484,"245 Elizabeth Junctions
South Susanburgh, VI 20924",84100
874,South Africa,Dalehaven,Schultz Bypass,86346,"564 Norman Hills Suite 278
Heidiville, MD 02306",80134
875,Aruba,Paulborough,Andrews Harbor,187,"Unit 6813 Box 9756
DPO AP 04722",41477
876,Czech Republic,North Anthony,Karl Fork,3056,"0467 Craig Roads
Bettyside, MD 52259",29931
877,Senegal,Lake Joel,Garcia Plains,7006,"9844 Mcfarland Brooks Apt. 321
Michaelberg, HI 46088",13763
878,Djibouti,West David,Sara Junction,8918,"34016 Charles Lake
East Brianna, ID 19208",28401
879,Cambodia,Lake Madisonland,Trevor Terrace,465,"211 Gabriel Cliffs
West Samanthafurt, IN 35045",47905
880,Nepal,Lake Christopherburgh,White Land,03170,"799 Laura Curve Apt. 399
New Jenniferberg, NM 01304",03671
881,Ecuador,Brendahaven,Monica Passage,4371,"9730 Hoffman Glens
Carriemouth, MS 64376",02116
882,Nauru,Madisonland,Kaitlyn Squares,3549,"24476 Carmen Loop Apt. 059
Martinport, ME 15722",08432
883,Central African Republic,New Daniel,Paul Port,54699,"4569 David Freeway Suite 851
East Becky, PR 63095",42714
884,French Guiana,Jamesmouth,Parsons Key,598,"304 Smith Shore Suite 310
Lake Justin, MN 19784",69658
885,Ireland,New Kimberlyborough,Snyder Canyon,039,"7274 Washington Camp Suite 822
West Mollystad, NV 54484",97208
886,Liechtenstein,Nicholsview,Herring Isle,6944,"7940 Cassandra Station
Sarahside, SD 73815",17116
887,Bahrain,West Lisa,Lowery Pines,67120,"33002 Fowler River
Laurafort, OH 83011",41944
888,Korea,Austinhaven,Edwards Station,469,"6610 Lauren Ford Suite 595
East Johnbury, AR 75829",06441
889,Andorra,Lawsontown,Jasmine Street,88491,"81219 Callahan Dam
Port Mariaport, GU 50149",14657
890,Congo,Cowanside,John Pines,391,"4227 Clark Spurs Apt. 500
Sototown, ND 24826",07938
891,Malaysia,Cathyhaven,Odonnell Center,3599,"PSC 9461, Box 8396
APO AA 83912",86015
892,Bouvet Island (Bouvetoya),Kaylaburgh,Nixon Roads,3378,"38807 Park Mountains Suite 779
New Jacobchester, UT 72982",38207
893,Malaysia,Maryland,Jennings Streets,2980,"309 Matthew Overpass
North Christopherside, AZ 61504",51165
894,Chile,South Thomasside,Conrad Circles,42722,"PSC 1196, Box 5737
APO AA 53928",95292
895,British Indian Ocean Territory (Chagos Archipelago),East Joshua,Brown Landing,233,"9043 Hart Locks
Whitehaven, AK 60064",66680
896,Honduras,Lopezshire,Lorraine Canyon,34298,"653 Jarvis Square
Beckborough, MT 31176",80044
897,Central African Republic,South Timothy,Robert Meadows,29692,"8263 Jacqueline Highway
Burkeport, ME 40895",59970
898,Slovakia (Slovak Republic),Ericton,Nicholas Curve,6545,"USNS King
FPO AP 61719",57561
899,American Samoa,Lake Charleshaven,Hayden River,1298,"30935 Kevin Expressway
West Aaronland, RI 63314",14788
900,Taiwan,Garciashire,Everett Coves,4665,"PSC 9368, Box 5390
APO AE 25061",83113
901,Wallis and Futuna,New Dylan,Burke Lane,368,"09078 Susan Unions
Danielborough, ME 82977",48681
902,Faroe Islands,South Larrychester,Amber Plaza,408,"0138 Romero Spur Apt. 458
Lake Christophermouth, VT 08852",93881
903,Niger,Jameschester,Taylor Stream,7845,"624 Thompson Ways
Karenfurt, DE 89711",61782
904,Jamaica,East Steven,Allen Fort,0247,"405 Joshua Mountains
Jessicaland, WY 53953",13632
905,United States of America,Randyburgh,Jenkins Fords,728,"0847 Gene Orchard Suite 160
South Hannahborough, MN 16779",29826
906,Liechtenstein,East Scott,Valencia Falls,53505,"328 Wagner Place
Aaronland, AR 93588",73127
907,Fiji,Meyersmouth,Kevin Walks,817,"804 Singh Park Apt. 442
Rossview, AR 69534",42627
908,Solomon Islands,North Andrewmouth,Tyler Expressway,24152,"73196 Jessica Greens
Norristown, MD 57517",68252
909,Korea,Lake Lisa,Gibson Meadows,23982,"PSC 4613, Box 9985
APO AP 05235",50554
910,Botswana,West Megan,Alicia Springs,50850,"8584 Miller Skyway Suite 310
North Susan, SC 96404",84209
911,Guatemala,Damonside,Warren Landing,3753,"0959 Evans Station
Port Jacob, VA 20665",10199
912,Singapore,Meaganmouth,Zachary Hills,1150,"719 Thompson Ville
Simsville, NC 71504",90377
913,Ireland,West Joshuaside,Christopher Haven,5369,"13111 Bryan Station
South Stephaniemouth, AL 75562",44329
914,Cayman Islands,East Dianachester,Thompson Valleys,462,"32059 Ashley Divide Suite 101
Jamesfort, IL 42949",85348
915,Taiwan,Lake Ashleyside,Berg Ranch,93524,"42952 Thompson Stravenue
Mullenmouth, MT 61793",33751
916,Italy,New Tanyaside,Megan Fall,11255,"513 Lorraine Mount
Crawfordborough, NV 01161",20512
917,Saint Lucia,West Mary,Jason Springs,460,"2046 Rose Skyway Apt. 097
Jesusmouth, PR 23965",61890
918,United Arab Emirates,Port Kristen,Golden Ridge,40802,"555 Johnson Turnpike
Jeffreyland, PW 10203",74228
919,Congo,Smithton,Johnson Viaduct,23166,"89847 Hammond Summit
Port Rebecca, WY 35860",46356
920,Netherlands Antilles,Joanchester,Poole Village,95892,"66943 Hill Glens Suite 705
Lauraland, OK 49294",48943
921,Bhutan,Davisside,Stevens Key,525,"1786 Larson Groves
Lake Danielport, AK 92937",93741
922,Portugal,New Deborah,Holloway Mission,392,"1056 Theodore Mountain
West Crystalberg, GU 29589",75044
923,Namibia,Gardnertown,Mary Grove,2368,"58937 Joshua Fort Apt. 222
New Charlesland, CO 65402",71703
924,Mayotte,Brightstad,Miller Island,06641,"44785 Cole Field Suite 524
Brianstad, IN 21334",31488
925,Chad,Ricemouth,Cortez Passage,842,"4959 Eric River Suite 339
Lauraberg, KY 56460",14758
926,Turks and Caicos Islands,New Amanda,Gabrielle Trail,484,"5707 Gates Plains Apt. 794
Port Kimberly, PW 32833",60577
927,Tajikistan,North Elizabeth,Vasquez Isle,66513,"8507 Sue Dale Suite 279
Briggsberg, MH 36808",07106
928,Cyprus,Lake Ryan,Gardner Ville,2911,"744 Jasmine Gardens
South Catherine, OK 04216",08062
929,Comoros,North Jessicafurt,Obrien Loaf,3769,"505 Rebecca Alley Apt. 398
Keithview, PW 07582",35177
930,Congo,North Timton,Huang Plain,78525,"20989 Collins Rue Suite 315
Joneschester, VA 88886",97396
931,Cape Verde,Odomland,Pearson Inlet,7383,"Unit 5697 Box 9110
DPO AP 50172",43337
932,Turkmenistan,Josephfurt,Clark Mountains,333,"93976 Valerie Gardens
South Stephen, FM 16607",81072
933,Albania,Katieland,Matthew Harbors,74694,"42918 Parker Parkways
Port Justinmouth, PR 41193",09189
934,Solomon Islands,West Peggy,Wade Square,46733,"41203 Rogers Drives
Glennhaven, VT 62024",31474
935,Uzbekistan,Williammouth,Jeffrey Isle,7300,"99596 Owens Fork
West Mariachester, FL 48044",51427
936,Ukraine,East Lorettaburgh,Allen Points,4796,"86898 Lauren Manor Suite 216
Hansenhaven, ID 45024",20413
937,United States Minor Outlying Islands,Vargasberg,Michael Pass,7654,"33746 Michelle Ridge
Port Kerri, NC 41260",85829
938,North Macedonia,East Leahmouth,Wendy Keys,472,"305 Bradley Crescent
Lake Marioton, RI 85913",29170
939,Papua New Guinea,Latoyaside,Padilla Tunnel,7669,"696 Cuevas Rapids
Jacksonshire, NJ 55263",65379
940,Nigeria,North Brittany,Eugene Passage,873,"678 Christopher Lock
Jamesfurt, TX 30260",09515
941,Sudan,East Angelaville,Vaughn Lane,576,"9157 Simmons Locks Suite 409
Port Patrick, MN 26893",33191
942,Guadeloupe,Lake Rebeccashire,Hunt Ports,234,"447 Thomas Plaza
Port Kenneth, AZ 23640",76552
943,Denmark,Lake Johnmouth,Raymond Isle,50521,"6027 Daniel Forges Suite 419
West Michelle, RI 14363",27296
944,Benin,New John,Douglas Rapids,7329,"80926 Stephanie Summit
Toddview, KY 01468",17083
945,Chad,Ambermouth,Fuentes Track,73140,"PSC 3562, Box 3709
APO AA 28989",59291
946,Congo,Andersonbury,Brooks Cliff,542,"942 Morales Squares
North Michaelberg, AZ 47869",38149
947,Solomon Islands,Lake David,Amy Throughway,3583,"9713 Maldonado Summit Apt. 671
Isaacside, MN 62211",76282
948,British Virgin Islands,South Maria,Garcia Mission,8288,"7151 Brandy Plaza
South Ericbury, MH 33647",13977
949,Afghanistan,Pamelaland,Eric Summit,17032,"77375 Valentine Islands Suite 741
New Darrellview, SD 60831",20390
950,Jersey,Santiagotown,King Run,233,"6286 Smith Lane
Lake Melissa, MA 11848",53219
951,Palau,Murphyville,Maldonado Gardens,18668,"211 Lewis Wall
Troyville, WA 07347",25832
952,Cyprus,Tracyport,Mia Loop,02914,"1149 Irwin Rapids Apt. 316
Dixonport, CT 44147",49105
953,Niue,Carolynton,Hicks Green,368,"91886 Scott Burgs Suite 117
Port Jason, TN 05195",02716
954,Marshall Islands,North Joannmouth,William Motorway,081,"USCGC Curtis
FPO AP 86450",61723
955,Marshall Islands,North Christianberg,Garcia Underpass,713,"10579 Elizabeth Course
Justinland, HI 01128",45535
956,United Kingdom,Brianabury,Benjamin Gateway,043,"2129 Howard Extensions
Lake Stephenton, PW 74952",27386
957,French Polynesia,New Kathleenfort,Emily Meadow,80332,"222 Theresa Stravenue Suite 710
Williehaven, RI 90341",76361
958,Namibia,Amyton,Collin Orchard,9793,"409 Michael Parkway Suite 514
North Kelly, VA 03755",46713
959,Gambia,Williamsland,Melissa Freeway,891,"2442 Acevedo Bypass
Anthonyton, ND 92417",53525
960,Guinea,North Alexisville,Lewis Lake,896,"44349 Daniel Rue Apt. 922
Esparzaton, NE 24894",09559
961,Bosnia and Herzegovina,New Davidview,Reid Valleys,8215,"70858 Curtis Ways
Walkermouth, AZ 10634",52005
962,Bouvet Island (Bouvetoya),Port Kaitlynport,Simmons Mews,54964,"PSC 6021, Box 2668
APO AP 65665",77706
963,Korea,New Janice,Thomas Harbors,7657,"622 Smith Cliffs Suite 588
Michellemouth, LA 50157",21637
964,New Caledonia,Wallacetown,Bradley Square,854,"63247 Snow Camp
East Michaelton, CT 92909",69761
965,Turkmenistan,Kylestad,Robert Station,8560,"0723 Joshua Brooks
Zacharyton, MD 91442",18641
966,Aruba,Eddieland,Watson Burg,242,"53469 Jimenez Extensions Suite 351
Ericview, WA 13600",89445
967,Cameroon,New Melissahaven,Mcintyre Highway,8448,"89152 Denise Alley Suite 083
Danielberg, VI 68149",23226
968,Germany,Jonesborough,Mclaughlin Expressway,302,"2798 Paul Pine
North Kimberly, OK 10822",39820
969,Ethiopia,Woodsstad,Ortiz Prairie,8488,"78420 Middleton Ford
Farmerbury, CA 40380",97664
970,Congo,New Dalton,Jessica Isle,267,"1722 Lawson Camp Suite 368
Bauerhaven, ID 12434",99916
971,Pitcairn Islands,New Melindahaven,Jessica Tunnel,84496,"66033 Monica Plain
Lake Michaelborough, GU 84330",79537
972,Kazakhstan,Baldwinberg,Stephens Knoll,2523,"526 Sullivan Shore
Amychester, PW 83565",90148
973,Mongolia,Lake Tony,Larry Underpass,2502,"58193 Hensley Summit Suite 519
West Timothy, MT 17235",09774
974,Brunei Darussalam,New Brett,Lisa Shoals,2848,"494 James Garden
South Jasmine, MH 82016",84761
975,Estonia,Port Jasonfort,Perez Dale,030,"607 Justin Vista
North Paul, CT 29467",82756
976,Belarus,Billymouth,Hernandez Courts,7398,"38724 Roman Ford Apt. 402
Thompsontown, MA 04711",94774
977,United States Virgin Islands,Georgeside,Young Coves,44625,"5035 Small Falls Apt. 226
Cardenasborough, CT 53946",05585
978,United Kingdom,Taylorborough,Darlene Point,089,"030 Jason Ridges Suite 331
South Mary, CO 02137",75722
979,Palestinian Territory,Juantown,Johnston Ville,872,"208 Charles Drive
Terryside, IA 02594",15901
980,Lithuania,South Andrew,Lisa Junctions,860,"52949 Stewart Lodge
New Robertside, KY 70101",19940
981,Cuba,Lake Kimberlyland,Booker Path,793,"PSC 2883, Box 3971
APO AE 81224",50378
982,Cayman Islands,Susanville,Lydia Circles,7586,"Unit 4989 Box 8904
DPO AP 21135",60715
983,Hungary,Kimmouth,Gutierrez Villages,88965,"9674 Kevin Center Suite 262
Melaniechester, WA 09574",53150
984,Equatorial Guinea,North Daniel,James Port,56679,"65908 Beard Pines Apt. 910
Matthewsview, RI 41079",06996
985,Mongolia,North Tonistad,Franklin Falls,9400,"3522 White Locks
East Robert, VI 81925",81991
986,Saint Lucia,West Robertville,Natalie Flat,153,"9486 Alexandra Pike
Knightmouth, AZ 33988",68710
987,Latvia,Davisbury,Perkins Oval,73767,"51461 Charles Inlet
Lake Ana, WA 89351",15643
988,Georgia,Sheilabury,Fletcher Mall,362,"171 Calhoun Route Suite 556
East Cheryl, NY 98101",63258
989,Panama,Port Duane,Ray Ridges,189,"2480 Carney Knoll Apt. 169
Matthewfurt, OR 94080",73058
990,Saint Lucia,Lake Darlene,Stone Street,9425,"25330 Robinson Isle Suite 823
Morganshire, PW 22452",21710
991,South Georgia and the South Sandwich Islands,Rodriguezport,Johnson Ville,9750,"Unit 1773 Box 6847
DPO AE 03314",55801
992,Korea,North Crystalview,Carter Plain,171,"37444 Shaw Key Suite 387
East Christopher, WY 63910",69088
993,Nepal,Lake Courtney,Garza Keys,016,"65977 Martin Trail
Christopherchester, SC 53847",70695
994,Norfolk Island,Fordville,Alvarado Port,1168,"9368 Jessica Spur Suite 479
Howardside, NJ 54662",92798
995,Luxembourg,East Emily,Little Fields,435,"8598 Vanessa Mills
Brennanfort, RI 73706",85537
996,United Arab Emirates,Breannabury,Leon Vista,801,"429 Patricia Estate
Yorkshire, SD 51615",20614
997,Uruguay,Sarahton,Sheila Knolls,084,"27992 King Junction Apt. 280
Forbesborough, WA 49365",49653
998,Algeria,West Mauricehaven,James Spring,367,"16318 Stephen Rue
North Michaelbury, NV 46712",61064
999,Argentina,East Joshuatown,Flowers Plaza,71213,"0693 Nancy Bypass
South Eric, NM 93877",36251
1000,Niue,Youngside,Robert Manor,01978,"3396 Andrea Pine
West Amanda, NV 16569",90669
